municipality,publication_date,series,distribution-place,address,telephone-number,distribution-time,longitude-latitude,longitude-latitude2,longitude-latitude3,longitude-latitude4,longitude-latitude5
日本下水道事業団,第17弾,2022/8/6,日本下水道事業団研修センター管理課,埼玉県戸田市下笹目5141,電話：048-421-2691,【平日】10：00～12：00、13：00～16：00【土日祝日】13：00～15：00ただし、年末年始及びお盆期間は配布を行いません。配布については、業務都合により急遽中止等の措置を講じる場合がありますのでお越しになる前に、必ず、JS公式ホームページの最新情報をご確認いただきますようお願いいたします,139.65891 : 35.82725,,,,
UR都市機構,第18弾,2023/1/28,UR千里営業センター,大阪府豊中市新千里東町1丁目4番2号（千里ライフサイエンスセンタービル19階）,電話：06-6871-0612,9：30～18：00ただし、水曜日、年末年始（12/29～1/3）はお休みです,135.496 : 34.81205,,,,
札幌市（A001）,第01弾,2016/4/1,札幌市下水道科学館,北海道札幌市北区麻生町8,電話：011-717-0046,9:30～17:00（入館は16:30まで）ただし、月曜日（祝休日の場合は翌日）、年末年始はお休みです。その他休館日は左記HPよりご確認ください,141.34256 : 43.11587,,,,
札幌市（B001）,第09弾,2018/12/14,札幌市環境プラザ,北海道札幌市北区北8条西3丁目札幌エルプラザ2階,電話：011-728-1667,9：00～18：00ただし、年末年始（12/29～1/3）はお休みですその他、施設の点検等で休館する場合があります,141.35028 : 43.07088,,,,
札幌市(C001),第20弾,2023/7/28,【5月～10月】大通公園観光案内所【11月～4月】大通公園インフォメーションセンター＆オフィシャルショップ,【5月～10月】北海道札幌市中央区大通西3丁目【11月～4月】北海道札幌市中央区大通西7丁目,【5月～10月】電話:011-211-2376【11月～4月】電話:011-251-0438,【5月～10月】9:30～17:30【11月～4月】10:00～12:00、13:00～16:00ただし、年末年始（12/29～1/3）はお休みです,141.35275 : 43.06086,141.34663 : 43.05974,,,
函館市,第3弾,2016/12/1,函館市地域交流まちづくりセンター,北海道函館市末広町4-19,電話：0138-22-9700,9:00～21:00ただし、年末年始（12/31～1/3）はお休みですまた、器材点検のために月1回程度休館する場合があります,140.71642 : 41.76365,,,,
小樽市,第6弾,2017/12/9,小樽市水道局本庁舎,北海道小樽市花園2-11-15,（問い合わせ先）小樽市水道局 総務課電話：0134-32-1171,9:00～17:00（年中無休）,140.99471 : 43.19212,,,,
旭川市(A001),第04弾,2017/4/3,【5～10月】旭川市下水処理センターバナナ館【11～4月】管理本館事務室,北海道旭川市神居町忠和287（旭川市下水処理センター2階）,電話：0166-62-3554,【5～10月】9:00～16:00にバナナ館を見学された方に配布しますただし、月曜日（月曜日が祝日・振替休日の場合はその翌日）、年末年始（12/30～1/4）はお休みです【11～4月】8:45～17:15ただし、土日、祝日、年末年始（12/30～1/4）はお休みですそれぞれ配布窓口が異なるのでご注意ください,142.29689 : 43.78328,,,,
旭川市(B001),第23弾,2024/7/26,旭川観光物産情報センター,北海道旭川市宮下通8丁目3番1号（JR旭川駅東コンコース）,電話:0166-26-6665（問合せ先）旭川市水道局上下水道部総務課電話:0166-24-3160,【6月～9月】8：30～19：00【10月～5月】9：00～19：00ただし、年末年始（12月31日～1月2日）はお休みです,142.35805 : 43.76253,,,,
室蘭市,第8弾,2018/8/11,室蘭観光協会,北海道室蘭市海岸町1丁目5番1号,電話：0143-23-0102,【4～10月】8:00～19:00【11～3月】8:00～17:00ただし、1/1のみお休みです,140.97046 : 42.32244,,,,
釧路市(A001),第07弾,2018/4/28,【平日】釧路市上下水道部 南大通庁舎経営企画課【休日】釧路市上下水道部 南大通庁舎守衛室,北海道釧路市南大通2-1-121,電話：0154-43-2169,9:00～17:00（年中無休）,144.38329 : 42.97856,,,,
釧路市(B001),第11弾,2019/12/14,阿寒湖まりむ館　観光インフォメーションセンター,北海道釧路市阿寒町阿寒湖温泉2丁目6-20,電話：0154-67-3200(問合せ先)釧路市上下水道部経営企画課電話：0154-43-2169,9:00～18:00,144.09703 : 43.4328,,,,
釧路市(C001),第22弾,2024/4/26,ルート38音別館 おんぽーと,北海道釧路市音別町本町1-51,電話:01547-6-2532（問合せ先）釧路市上下水道部経営企画課電話:0154-43-2169,9：00～17：00ただし、年末年始（12月31日～1月3日）はお休みです,143.93324 : 42.88988,,,,
帯広市,第11弾,2019/12/14,とかち観光情報センター,北海道帯広市西2条南12丁目 エスタ帯広東館2階,電話：0155-23-6403,9:00～17:00ただし、年末年始(12月29日～1月3日)はお休みです,143.20253 : 42.91856,,,,
北見市（A001）,第02弾,2016/8/1,【平日】北見市上下水道局給排水課窓口【休日】北見市上下水道局当直室,北海道北見市中ノ島町1-4-1（北見市上下水道局庁舎内）,電話：0157-25-1177,【平日】8:45～17:30【休日】9:00～17:00ただし年末年始（12/29～1/3）は休日同様に配布致します※休日は閉庁のため、庁舎正面の道を進んでいただき、職員専用玄関のインターホンでお呼び出しください,143.89394 : 43.79689,,,,
北見市（B001）,第10弾,2019/8/7,【平日】北見市上下水道局常呂上下水道課窓口（北見市役所常呂総合支所内）【休日】北見市役所　常呂総合支所　当直室,北海道北見市常呂町字常呂323番地,【平日】電話：0152-54-2116【休日】電話：0157-25-1177,【平日】8：45～17：30【休日】8：45～17：30,144.07336 : 44.12042,,,,
留萌市,第13弾,2020/12/17,【水曜日以外】留萌プラザ2F　まちなか賑わい 【水曜日】留萌市役所上下水道課分庁舎1階,【水曜日以外】北海道広場留萌市開運町3丁目4番11号 【水曜日】北海道留萌市幸町1丁目11番地,電話：0164-56-4382 【水曜日】電話：0164-42-2049,【水曜日以外】10:00〜18:00※年末年始(12/31~1/5)はお休みです【水曜日】8:50〜17:20※年末年始(12/29〜1/3)はお休みです,141.50067 : 42.94985,141.63734 : 43.94105,,,
苫小牧市,第4弾,2017/4/3,【平日】苫小牧市役所上下水道部下水道課【休日】ふれんどビル1階,【平日】北海道苫小牧市旭町4-5-6【休日】苫小牧観光案内所北海道苫小牧市表町5-11-5,電話：0144-34-2000（問い合わせ先）苫小牧市役所 上下水道部 下水道課電話：0144-32-6592（平日8:45～17:15まで）,【平日】8:45～17:15【休日】9:30～18:00ただし、年末年始（12/29～1/3）はお休みです,141.60538 : 42.63413,141.6055 : 42.63409,,,
稚内市(A001),第04弾,2017/4/3,【平日】稚内市役所 環境水道部 水道施設課【休日】稚内市役所 警備室,北海道稚内市中央3-13-15,【平日】電話：0144-32-6592【休日】電話：0162-23-6509,8：45～17：30,141.67303 : 45.41512,,,,
稚内市(B001),第17弾,2022/8/6,北海道稚内市樺太記念館,北海道稚内市港1丁目6－28　稚内副港市場2階,電話：0162-73-6066,10:00～16:40※以下の休館日にご注意ください。4月～10月　無休11月～3月　毎週月曜日（月曜日が祝日の場合は翌平日）及び、年末年始（12月31日から1月5日）,141.67635 : 45.40872 ,,,,
芦別市,第5弾,2017/8/1,芦別市観光物産センター（道の駅スタープラザ芦別内）,北海道芦別市北4条東1-1,電話：0124-23-1437（問い合わせ先）芦別市経済建設部 上下水道課電話：0124-27-7583,【4月、10月】9:00～18:00【５月～9月】 9:00～19:00【11月～3月】9:00～17:00ただし、年末年始（12/31～1/3）はお休みです。※このほか閉館時間等が変更になる場合がありますので、あらかじめ、道の駅のホームページをご確認ください。,142.18835 : 43.52518,,,,
江別市,第5弾,2017/8/1,EBRI内 江別アンテナショップGET'S,北海道江別市東野幌町3-3,電話：011-398-9558（問い合わせ先）江別市水道部 総務課電話：011-385-1213,10:00～19:00ただし、年末年始はお休みです,141.53352 : 43.0948,,,,
赤平市,第10弾,2019/8/7,情報発信基地 AKABIRAベース,北海道赤平市幌岡町54,電話：0125-32-6760（問い合わせ先）赤平市役所 上下水道課電話：0125-32-2218,【１〜４月】10:00〜17:00（火・水曜定休）【５〜６月】10:00〜18:00（火曜定休）【７〜９月】10:00〜18:00（無休）【１０月】10:00〜17:00（火曜定休）【１１〜１２月】10:00〜17:00（火・水曜定休）,142.03525 : 43.57805,,,,
紋別市,第3弾,2016/12/1,【平日】紋別市役所 水道部事業課 下水道施設係【休日】紋別市役所 当直室,北海道紋別市幸町2-1-18,電話：0158-24-2111,8:45～17:30,143.35413 : 44.35633,,,,
士別市,第23弾,2024/7/26,道の駅「羊のまち　侍・しべつ」,北海道士別市大通東5丁目440番地23,電話:0165-26-7353,【5月～10月】9：00～18：00【11月～4月】10：00～17：00ただし、年末年始（12月31日～1月3日）はお休みです,142.39265 : 44.17633,,,,
名寄市,第10弾,2019/8/7,道の駅「もち米の里☆なよろ」,北海道名寄市風連町西町334番地1,電話：01655-7-8686（問い合わせ先）北海道名寄市建設水道部上下水道室業務課電話：01655-3-2511,9:00～18:00ただし、元日（1/1）はお休みです。,142.41183 : 44.28738,,,,
名寄市,第12弾,2020/4/25,なよろ観光まちづくり協会（駅前交流プラザ「よろーな」内）,北海道名寄市東1条南7丁目1番地10,電話:01654-9-4607(問合せ先)北海道名寄市建設水道部上下水道室業務課電話:01655-3-2511,【平日】9:00～17:30【土日祝日】9:00～17:00ただし、年末年始はお休みですまた各種イベント・行事等により臨時休業する場合があります。,142.46432 : 44.34913,,,,
千歳市,第18弾,2023/1/28,【平日】千歳市水道局庁舎2F経営管理課総務係窓口,北海道千歳市東雲町3丁目2番地5,電話：0123-24-3270【休日】千歳市水道局庁舎1F管理員室,9:00～17:00,141.65196 : 42.82198,,,,
滝川市,第11弾,2019/12/14,たきかわ観光国際スクエア,北海道滝川市栄町4丁目9−1,電話:0125-28-8031,9：00～17：00ただし、年末年始（12/29～1/3）はお休みです,141.90141 : 43.55569,,,,
砂川市,第8弾,2018/8/11,【平日】砂川市役所 土木課窓口【休日】砂川市役所 当直室,北海道砂川市西6条北3丁目1番1号,電話：0125-54-2121,8:30～17:15,141.90353 : 43.49474,,,,
深川市,第16弾,2022/1/15,道の駅ライスランドふかがわ １階総合案内所,北海道深川市音江町字広里59番7,電話：0164-26-3636(問合せ先)深川市上下水道課電話：0164-26-2365,10:00～16:00ただし、年末年始（12/31～1/2）はお休みです,142.07095 : 43.70107,,,,
富良野市,第11弾,2019/12/14,富良野市役所1階 総合窓口,北海道富良野市弥生町1番1号,電話：0167-39-2317,9:00〜17:00,142.38083 : 43.34333,,,,
登別市,第8弾,2018/8/11,登別市役所都市整備部 下水道グループ,北海道登別市中央町6丁目11番地,電話：0143-85-9052,9:00～17:30ただし、年末年始はお休みです,141.10649 : 42.41294,,,,
恵庭市(A001),第5弾,2017/8/1,道と川の駅 花ロードえにわ,北海道恵庭市南島松817-18,電話：0123-37-8787（問い合わせ先）恵庭市水道部下水道課電話：0123-33-3127,【4～10月】9:00～18:00【11～3月】9:00～17:00ただし、年末年始（12/31～1/2）と、清掃日（12月のうち1日）はお休みです,141.58411 : 42.89746,,,,
恵庭市(C001),第21弾,2023/12/15,花の拠点（はなふる）「センターハウス」,北海道恵庭市南島松828-3,（問合せ先）恵庭市水道部下水道課電話:0123-33-3127,9：00～17：00ただし、年末年始（12月28日～1月3日）はお休みです,141.58792 : 42.89827,,,,
北広島市(A001),第06弾,2017/12/9,エルフィンパーク市民サービスコーナー,北海道北広島市中央6-209,電話：011-376-8880,【平日】7:30～19:30【休日】9:00～17:00ただし、毎月第3日曜日、年末年始（12/29～1/3）はお休みです,141.56509 : 42.97716,,,,
北広島市(B001),第21弾,2023/12/15,HUB HOKKAIDO SELECT SHOP,北海道北広島市Fビレッジ1番地 THELODGE2階,電話:080-4323-8935（問合せ先）北広島市水道部下水道課電話:011-372-3311,【3月～10月】10：00～19：00【11月～2月】10：00～18：00※令和6〜7年は12/30日〜1/1は10:00～17：00となります※令和7年は、1/6(月)～8日(水)、および１〜２月は1/8以降の毎週水曜日は休業日です※営業時間、休業日については、変更となる場合がありますので、HOKKAIDO BALL PARK FVILLAGEの公式サイトでご確認ください,141.55086 : 42.99017,,,,
石狩市(A001),第6弾,2017/12/9,道の駅石狩 あいろーど厚田,北海道石狩市厚田区厚田98-2,電話：0133-78-2300,10:00～16:00,141.48114 : 43.47877,,,,
石狩市(B001),第25弾,2025/04/25,石狩市観光センター「ゆめぽーと」,北海道石狩市親船町107番地,電話：0133-62-4611,【4月～10月】8:45～18:00【11月～3月】8:45～17:15ただし、年末年始(12月29日～1月3日)はお休みです,141.341063 : 43.235240,,,,
北斗市,第8弾,2018/8/11,北斗市観光交流センター内 北斗市観光案内所（1階）,北海道北斗市市渡1丁目1番1号,電話：0138-84-1147（問い合わせ先）北斗市役所上下水道課電話：0138-73-3111（内線245）,9:00～18:00ただし、年末年始（12/31～1/3）は9：00～15：00,140.64717 : 41.90522,,,,
当別町,第10弾,2019/8/7,北欧の風 道の駅とうべつ,北海道石狩郡当別町当別太774番地11,電話：0133-27-5260（問い合わせ先）当別町役場上下水道課電話：0133-22-2411,【1月～2月】10：00～16：00ただし、水曜日、年末年始（1/1～1/2）はお休みです。【3月～12月】9：00～17：00ただし、年末年始（12/30～12/31）はお休みです。,141.44614 : 43.17779,,,,
木古内町,第2弾,2016/8/1,道の駅みそぎの郷 きこない 観光案内所,北海道上磯郡木古内町字本町338-14,電話：01392-2-3161,9:00～18:00ただし年末年始はお休みです,140.43459 : 41.67733,,,,
上ノ国町,第13弾,2020/12/17,道の駅上ノ国もんじゅ,北海道檜山郡上ノ国町字原歌3番地,電話：0139-55-3955,9：00～17：00ただし、12月31日～1月5日はお休みです,140.09624 : 41.80222,,,,
岩内町,第6弾,2017/12/9,道の駅いわない ガイドセンター たら丸館,北海道岩内郡岩内町字万代47-4,電話：0135-63-1155（問い合わせ先）岩内町役場建設水道部 上下水道課電話：0135-67-7093,【4～10月】9:00～18:00【11～3月】9:00～17:30ただし、以下は休館日のため配布はお休みです月曜日（11/1～4/20まで）※月曜日が祝日の場合はその翌日年末年始（12/31～1/5）,140.51671 : 42.98391,,,,
古平町,第10弾,2019/8/7,古平町総合施設「かなえーる」（古平町役場内）,北海道古平郡古平町大字浜町50番地,電話：0135-42-2181,8:45～17:30,140.56113 : 43.17514,,,,
奈井江町,第6弾,2017/12/9,奈井江町交流プラザみなクル,北海道空知郡奈井江町字奈井江町74番地,電話:0125-74-5574,9:00～18:00,141.8934 : 43.42385,,,,
東神楽町,第11弾,2019/12/14,【平日】東神楽町役場建設水道課,北海道上川郡東神楽町南１条西１丁目３番２号,電話：0166-83-5414【休日】東神楽町役場守衛室,【平日】8：30～17：15【休日】8：30～17：15,142.45128 : 43.69649,,,,
当麻町,第18弾,2023/1/28,【火曜日以外】当麻町郷土資料館ここから【火曜日】当麻町役場まちづくり推進課,【火曜日以外】北海道上川郡当麻町4条南3丁目1番41号【火曜日】北海道上川郡当麻町3条東2丁目11番1号,【火曜日以外】電話：0166-56-1123【火曜日】電話：0166-84-2111,【火曜日以外】10：00～19：00※年末年始（12/29～1/5）はお休みです【火曜日】8：30～17：15※年末年始（12/29～1/5）はお休みです,142.51541 : 43.82455,142.50591 : 43.82751,,,
上富良野町,第15弾,2021/8/17,【平日】上富良野町役場建設水道課【休日】上富良野町役場警備室,北海道空知郡上富良野町大町2丁目2番11号,電話：0167-45-6982,8：30～17：15ただし、年末年始（12月31日～1月5日)はお休みです,142.46693 : 43.45555,,,,
南富良野町,第12弾,2020/4/25,【平日】南富良野浄化センター【土日】保健福祉センター（みなくる）管理人室,【平日】北海道南富良野町字幾寅505番地5【土日】北海道南富良野町字幾寅708番地1,【平日】電話:0167-52-2524【土日】電話:0167-52-2211,【平日】 8:30～17:15【土曜】 9:00～17:00【日曜】13:00～17:00,142.58327 : 43.15821,142.58327 : 43.15821,,,
和寒町,第5弾,2017/8/1,【平日】和寒町役場 産業振興課【休日】和寒町役場 守衛室,北海道上川郡和寒町字西町120,電話：0165-32-2423【平日休日】わっさむ町食と観光情報案内所北海道上川郡和寒町字北町200番地,【和寒町役場】8:30～17:15（年中無休）ただし、災害時など緊急の場合は除きます【わっさむ町食と観光情報案内所】9:00～17:00ただし、毎週月曜日及び年末年始はお休みです（役場で配布しております）,142.41182 : 44.02424,,,,
剣淵町,第5弾,2017/8/1,【水曜日以外】絵本の館【水曜のみ】剣淵町役場 建設課窓口,【水曜日以外】北海道上川郡剣淵町緑町15-3【水曜のみ】北海道上川郡剣淵町仲町37-1,【水曜日以外】電話：0165-34-2624【水曜のみ】電話：0165-26-9024    （問い合わせ先）剣淵町役場 建設課 上下水道グループ電話：0165-26-9024,10:00～17:00ただし、イベント等により水曜日も開館している場合があります※年末年始（12/30～1/4）はお休みです,142.35854 : 44.0994,142.36247 : 44.09885,,,
天塩町(A001),第09弾,2018/12/14,天塩町ファミリースポーツセンター,北海道天塩郡天塩町字川口5702番地の1,電話：01632-2-1873,10:00～17:00,141.75768 : 44.92402,,,,
天塩町(B001),第17弾,2022/8/6,【平日】天塩町役場建設課(２F)【土日祝日】天塩町役場当直室(１F),北海道天塩郡天塩町新栄通8丁目,電話：01632-2-1001,【平日】9:00～17:00【土・日・祝】10:00～17:00ただし、年末年始はお休みです。,141.7448 : 44.88817,,,,
天塩町(C001),第22弾,2024/4/26,てしお温泉「夕映」,北海道天塩郡天塩町サラキシ5807番地4,電話:01632-2-3111（問合せ先）天塩町役場　建設課　下水道係電話:01632-2-1001,【平日】11：00～17：00【土・日・祝】10：00～17：00ただし、年末年始（12/31～1/5）はお休みです温泉清掃などによる休館日がありますので、ホームページをご確認ください,141.82053 : 44.98417,,,,
豊富町(A001),第8弾,2018/8/11,【平日】豊富町役場 建設課 上下水道係窓口【休日】豊富町役場宿直室（役場裏玄関）,北海道天塩郡豊富町字豊富大通6丁目,電話：0162-82-1001,9:00～17:00※12時～13時のお昼休み、年末年始は配布致しません。,141.77731 : 45.10275,,,,
豊富町(B001),第12弾,2020/4/25,湯の杜ぽっけ,北海道天塩郡豊富町字温泉,電話:0162-73-6850,9:00～17:00※12時～13時のお昼休み、年末年始は配布致しません。※11月～3月の休館日（月曜日、月曜日が祝日の場合は翌日）は、豊富町役場建設課上下水道係にて配布します年末年始はお休みです,141.82574 : 45.07904,,,,
豊富町(C001),第14弾,2021/4/25,豊富町定住支援センター（ふらっと★きた）,北海道天塩郡豊富町字豊富東1条6丁目,電話：0162-82-2211,9時～17時※12時～13時のお昼休み、年末年始は配布致しません。,141.7787 : 45.10292,,,,
豊富町(D001),第17弾,2022/8/6,豊富町観光情報センター,北海道天塩郡豊富町字豊富駅前通（JR豊富駅となり）,電話：0162-82-2100,9:00～17:00(12：00～13：00を除く)※12時～13時のお昼休み、年末年始は配布致しません。,141.77284 : 45.10487,,,,
利尻町,第12弾,2020/4/25,利尻町役場,北海道利尻郡利尻町沓形字緑町14番地1,電話:0163-84-2345,【平日】9:00～17:00【休日】9:00～12:00ただし、年末年始（12/31～1/5）はお休みです,141.14882 : 45.18752,,,,
斜里町,第17弾,2022/8/6,道の駅 うとろ・シリエトク,北海道斜里郡斜里町ウトロ西186-8,(問合せ先)斜里町役場　水道課　事業係電話：0152-26-8385,9：00～17：00ただし、年末年始(12/29～1/3)はお休みです※道の駅 うとろ・シリエトクの営業時間に準じます。※閉館時間が変わることがありますので道の駅HPをご確認ください,144.99231 : 44.06751,,,,
遠軽町,第23弾,2024/7/26,遠軽町芸術文化交流プラザ-メトロプラザ,北海道紋別郡遠軽町岩見通南1丁目1-2,電話:0158-46-7151,9：00～17：00※12時～13時のお昼休み、配布場所が休館している場合は配布しておりません※7月26日は10：00～17：00となります,143.52074 : 44.05952,,,,
滝上町,第22弾,2024/4/26,道の駅香りの里たきのうえ,北海道紋別郡滝上町旭町,電話:0158-29-3300（問合せ先）滝上町役場　農林建設課上下水道係電話:0158-29-2111,9：00～17：30ただし、年末年始（12月30日～1月3日）、9月30日、3月31日はお休みです,143.08437 : 44.19675,,,,
雄武町,第18弾,2023/1/28,道の駅おうむ,北海道紋別郡雄武町雄武1885番地14,電話：0158-84-2403(問合せ先)雄武町役場上下水道課下水道係電話：0158-84-2121※1月30日より配布開始します,9:00～17:00※1月30日より配布開始します,142.95883 : 44.58352,,,,
安平町,第14弾,2021/4/25,道の駅あびらＤ５１ステーション,北海道勇払郡安平町追分柏が丘49-1,電話:0145-29-7751(問合せ先)安平町役場建設課土木・公園グループ電話：0145-29-7075（直通）,夏期(4月～10月) 9：00～18：00冬期(11月～3月) 9：00～17：00ただし、年末年始（12/31～1/3）はお休みです※このほか臨時休館になる場合がありますので、あらかじめ道の駅ホームページをご確認のうえご来館ください,141.81654 : 42.87599,,,,
浦河町,第10弾,2019/8/7,【平日】浦河町役場 上下水道課【休日】浦河町役場 警備室,北海道浦河郡浦河町築地1丁目3番1号,電話：0146-22-2554,【平日休日】9：00～17：15,142.76837 : 42.16845,,,,
音更町,第11弾,2019/12/14,ガーデンスパ十勝川温泉,北海道河東郡音更町十勝川温泉北14丁目1,電話：0155-46-2447(問合せ先)音更町役場建設水道部上下水道課北海道河東郡音更町元町2番地電話：0155-42-2111,9:00〜17:00,143.30074 : 42.93336,,,,
新得町,第25弾,2025/04/25,平日】新得町役場施設課窓口【休日】新得町役場警備員室,北海道上川郡新得町3条南4丁目26番地,電話:0156-64-0529（問合せ先）新得町役場施設課上下水道係電話:0156-64-0529,8:30～17:15,142.838822 : 43.079741,,,,
足寄町,第10弾,2019/8/7,【平日】　足寄下水終末処理場【土日祝日】　足寄町役場裏警備員室,北海道足寄郡足寄町共栄町120-5,電話：0156-25-9070,【平日】　9：00～17：00【土日祝日】　8：35～17：05ただし、年末年始（12月29日～1月3日）はお休みです,143.58 : 43.22349,,,,
足寄町(B001),第18弾,2023/1/28,【平日】足寄町役場２階建設課上下水道室【土日祝日】足寄町役場警備員室,北海道足寄郡足寄町北1条4丁目48番地1,電話：0156-28-3868,【平日】8:35～17:05【土日祝日】8:35～17:05ただし、年末年始（12月29日～1月3日）はお休みです,143.5547 : 43.24472,,,,
陸別町,第7弾,2018/4/28,【平日】陸別町役場 建設課【休日】陸別町役場 警備室,北海道足寄郡陸別町字陸別東1条3-1,電話：0156-27-2141,9:00～17:00,143.74727 : 43.46919,,,,
別海町,第11弾,2019/12/14,【平日】別海町役場建設水道部上下水道課【休日】別海町役場警備室,北海道野付郡別海町別海常盤町280番地,電話：0153-75-2111,午前8時45分～午後5時30分,145.11957 : 43.39537,,,,
青森市,第5弾,2017/8/1,「道の駅」浅虫温泉 ゆ～さ浅虫,青森県青森市大字浅虫字螢谷341-19,電話：017-737-5151（問い合わせ先）青森市水道部総務課電話：017-734-4201,4月～11月 9：00～19：0012月～3月 9：00～18：00（年中無休）,140.86153 : 40.89091,,,,
弘前市,第9弾,2018/12/14,弘前市緑の相談所,青森県弘前市下白銀町1-1,電話：0172-33-8737（問い合わせ先）弘前市上下水道部総務課電話：0172-55-9660,9:00～17:00ただし、11/24～3/31の月曜日（月曜日が祝日の場合は開館）、祝日の翌日、年末年始(12/29～1/3)はお休みです。,140.46602 : 40.60608,,,,
五所川原市,第11弾,2019/12/14,立佞武多の館,青森県五所川原市字大町506-10,電話：0173-38-3232(問合せ先)五所川原市役所経営管理課下水道管理係0173-35-2111　内線2720,【4月～9月】　9:00～19:00【10月～3月】　9:00～17:00ただし、1月1日はお休みです,140.44531 : 40.80981,,,,
十和田市,第9弾,2018/12/14,十和田市観光物産センター,青森県十和田市稲生町15-3（アートステーショントワダ内）,電話：0176-24-3006,9:00～19:00ただし、1/1はお休みです,141.21298 : 40.61439,,,,
三沢市,第11弾,2019/12/5,SkyPlazaMISAWA（スカイプラザミサワ）,青森県三沢市中央町２丁目8-34,電話：0176-51-1712(問合せ先)三沢市役所　下水道課0176-53-5111（内線335・378）,10時から20時ただし、1月1日はお休みです,141.36522 : 40.68507,,,,
むつ市,第23弾,2024/7/26,北の防人大湊 安渡館,青森県むつ市桜木町3番1号,電話:0175-29-3101（問合せ先）むつ市上下水道局下水道課電話:0175-28-3233,10：00～20：00ただし、12月31日、1月1日はお休みです,141.1382 : 41.25626,,,,
三戸町,第17弾,2022/8/6,【平日】三戸町役場建設課【土日祝日】道の駅さんのへ,【平日】青森県三戸郡三戸町大字在府小路町43【土日祝日】青森県三戸郡三戸町大字川守田字西張渡39-1,【平日】電話：0179-20-1154【土日祝日】電話：0179-22-0600,【平日】8：15～17：00【土日祝日】9:00～18:00（夏・冬期間変更あり）ただし、年末年始はお休みです,141.25876 : 40.37848,141.25539 : 40.38733,,,
南部町,第21弾,2023/12/15,【1】南部町いちょうホール【2】南部公民館,【1】青森県三戸郡南部町大字平字広場28番地1【2】青森県三戸郡南部町大字沖田面字沖中51番地２,【1】電話:0178-38-5970【2】電話:0179-34-2800,(1)9：00～21：00ただし、年末年始(12月29日から翌年の1月3日まで)はお休みです(2)9：00～21：00ただし、毎月第3日曜日、国民の祝日、年末年始(12月29日から翌年の1月3日まで)はお休みです,141.34218 : 40.40588,141.28247 : 40.42006,,,
岩手県（流域下水道）,第10弾,2019/8/7,いわて・盛岡広域観光センター,岩手県盛岡市盛岡駅前通1-48　盛岡駅舎２階,（問い合わせ先）岩手県県土整備部下水環境課電話：019-629-5899,9：00～17：30ただし、年末年始（12/30～1/3）の配布は行いません,141.13716 : 39.70108,,,,
盛岡市(A001),第12弾,2020/4/25,もりおか歴史文化館,岩手県盛岡市内丸１番50号,電話:019-681-2100(問合せ先)盛岡市上下水道局経営企画課電話:019-623-1441,【4月～10月】9:00～19:00【11月～3月】9:00～18:00ただし、休館日（毎月第３火曜日（祝休日の場合は翌日）と年末年始（12月31日～１月１日））の配布は行いませんまた、臨時休館する場合があるので，ホームページ等で御確認ください,141.14915 : 39.69899,,,,
盛岡市(B001),第23弾,2024/7/26,パルクアベニュー・カワトク,岩手県盛岡市菜園一丁目10-1,電話:019-651-1111,10:00～19:00(年末年始は異なります)ただし、１月１日と年数回のお休みがあります,141.14699 : 39.70075,,,,
宮古市(A001),第13弾,2020/12/17,道の駅・みなとオアシスみやこ,岩手県宮古市臨港通1-20,電話：0193-71-3100（問合せ先）宮古市上下水道部施設課電話：0193-71-2299,9:00～17:00ただし、年末年始はお休みです,141.97011 : 39.639,,,,
宮古市(B001),第15弾,2021/8/17,道の駅たろう　たろう潮里ステーション,岩手県宮古市田老二丁目5－1,電話：0193-77-3305（問合せ先）宮古市上下水道部施設課電話：0193-71-2299,9:00～17:00,141.97137 : 39.73582,,,,
花巻市（A001）,第3弾,2016/12/1,【平日】花巻市役所 建設部 下水道課【休日】花巻市役所本庁舎警備員室（本庁舎1階守衛室）,岩手県花巻市花城町9-30（市役所新館2階）,電話：0198-24-2111,【平日】8:30～17:15【休日】9:00～17:00ただし、年末年始（12/29～1/3）はお休みです,141.11687 : 39.38897,,,,
花巻市（B001）,第8弾,2018/8/11,花巻市役所石鳥谷総合支所,岩手県花巻市石鳥谷町八幡4-161,電話：0198-45-2111（内線251）,【平日】8:30～17:15【休日】9:00～17:00ただし、12/29～1/3はお休みです,141.15054 : 39.47228,,,,
花巻市（C001）,第9弾,2018/12/14,花巻市役所大迫総合支所,岩手県花巻市大迫町大迫2-51-4,電話：0198-48-2111(内線155),【平日】8:30～17:15【休日】9:00～17:00ただし、年末年始(12/29～1/3)はお休みです,141.28596 : 39.47218,,,,
花巻市(D001),第11弾,2019/12/14,【平日】花巻市東和総合支所 地域振興課【休日】花巻市東和総合支所 警備員室,岩手県花巻市東和町土沢8区60番地,電話：0198-42-2111（内線342）,【平日】8:30～17:15【休日】9:00～17:00ただし、年末年始（12/29～1/3)はお休みです,141.22835 : 39.38703,,,,
北上市,第22弾,2024/4/26,展勝地レストハウス,岩手県北上市立花14地割21-1,電話:0197-64-2110（問合せ先）北上市都市整備部下水道課電話:0197-72-8292,10：00～17：00ただし、月曜日(祝日の場合は翌日)はお休みです,141.1277 : 39.27992,,,,
久慈市,第8弾,2018/8/11,駅前観光交流センターYOMUNOSU,岩手県久慈市中央3丁目58,電話：0194-52-7777（問い合わせ先）久慈市役所下水道整備課電話：0194-52-2189,9:00～21:30ただし、1月1日はお休みです,141.77068 : 40.19058,,,,
遠野市,第14弾,2021/4/25,道の駅みやもり内　めがねばし直売所,岩手県遠野市宮守町下宮守30地割37番地1,電話:0198-67-2929(問合せ先)遠野市環境整備部上下水道課電話:0198-62-2111,9：00～17：30（4月～9月）9：00～17：00（10月～3月）ただし、1月1日はお休みです,141.35942 : 39.35638,,,,
陸前高田市,第24弾,2024/12/20,陸前高田市教育員会管理課,岩手県陸前高田市高田町字下和野100番地,電話:0192-54-2111（内線554）,9：00～17：00ただし、土日祝日、年末年始はお休みです,141.64482 : 39.0097,,,,
釜石市（A001）,第06弾,2017/12/9,釜石観光案内所,岩手県釜石市鈴子町22-1　シープラザ釜石1階,電話：0193-27-8172,9:00～18:00ただし年末年始はお休みです,141.87201 : 39.27345,,,,
釜石市（B001）,第10弾,2019/8/7,釜石魚河岸にぎわい館「魚河岸テラス」,岩手県釜石市魚河岸3番3,電話：0193-27-5566,9:00～18:00ただし、年末年始、毎週月曜日はお休みです,141.89241 : 39.27378,,,,
釜石市(C001),第12弾,2020/4/25,いのちをつなぐ未来館,岩手県釜石市鵜住居町4丁目901,電話:0193-27-5666,9:30～17:30ただし、冬季(11月～2月)は9:30～17:00また、毎週水曜日及び年末年始はお休みです,141.88777 : 39.32778,,,,
二戸市,第17弾,2022/8/6,なにゃーと物産センター（二戸広域観光物産センター1F）,岩手県二戸市石切所字森合68番地,電話：0195-22-4395(問合せ先)二戸市建設整備部下水道課(平日8:30～17:15）電話：0195-29-1130,8：30～19：00※月末及び年末年始は営業時間が異なります。配布場所へご確認ください。,141.28644 : 40.26168,,,,
滝沢市,第17弾,2022/8/6,【平日】岩手県滝沢市下水道課【土日祝日】ビッグルーフ,【平日】岩手県滝沢市中鵜飼55【土日祝日】滝沢岩手県滝沢市下鵜飼1－15,【平日】電話：019－656－6581【土日祝日】電話：019－656－7811,【平日】9：00～17：00【土日祝日】9：00～21：00ただし、毎月第2、第4火曜日（休日の場合は翌日）及び年末年始はお休みです,141.07668 : 39.73506,,,,
山田町,第22弾,2024/4/26,道の駅やまだ「おいすた」,岩手県下閉伊郡山田町山田第５地割66番地1,電話:0193-65-6631（問合せ先）山田町上下水道課下水道チーム電話:0193-82-3111,9:00～17:00ただし、1月1日はお休みです,141.95331 : 39.47818,,,,
九戸村,第6弾,2017/12/9,道の駅おりつめ 産直施設オドデ館,岩手県九戸郡九戸村大字山屋2-28-1,電話：0195-42-4400,8:00～19:00ただし、年始（1/1、1/2）はお休みです,141.44177 : 40.25706,,,,
宮城県（流域下水道）(A001),第10弾,2019/8/7,【平日】石巻浄化センター（（株）アイ・ケー・エス）【土日祝】みやぎ東日本大震災津波伝承館（受付）,【平日】宮城県石巻市蛇田字新〆切5-2【土日祝】宮城県石巻市南浜町2丁目1-56,【平日】電話:0225-94-1994【土日祝】電話:0225-98-8081（問い合わせ先）宮城県東部下水道事務所電話:0225-23-7381,【平日】9:00~16:30（昼休み12:00〜13:00）【土日祝】9:00~16:30（毎月11日は曜日・祝日にかかわらず開館）,141.28622 : 38.4627,141.30484 : 38.41848,,,
宮城県(流域下水道)(B001),第14弾,2021/4/25,【平日】県南浄化センター内 (株)みずむすびサービスみやぎ 県南浄化センター管理棟内【休日】道の駅「村田」（村田町物産交流センター）,【平日】宮城県岩沼市下野郷字赤江川1-3【休日】宮城県柴田郡村田町大字村田字北塩内41,【平日】電話:0223-22-1382※お越しの際は、管理棟入り口正面の内線電話から連絡をお願いします【休日】電話:0224-83-5505(問合せ先)宮城県中南部下水道事務所電話:022-367-4003,【平日】9:00-16:00（昼休み12時00分～13時00分）ただし、お盆期間，年末年始はお休みです【休日】9:00-17:00ただし、年末年始（12月30～1月2日）はお休みです。,140.92807 : 38.11317,140.71736 : 38.11852,,,
宮城県(流域下水道)(C001),第18弾,2023/1/28,宮城県伊豆沼・内沼サンクチュアリセンター,宮城県栗原市若柳字上畑岡敷味17-2,電話：0228-33-2216(問合せ先)宮城県東部下水道事務所電話：0225-23-7381,9:00～16:30（昼休み12:00～13:00）ただし、毎週月曜日及び祝日の翌日（月曜日が国民の祝日にあたる場合は、その翌日）、年末(12月29日～12月31日）はおやすみです,141.07222 : 38.72779,,,,
仙台市,第8弾,2018/8/11,せんだいメディアテーク,宮城県仙台市青葉区春日町2-1,電話：022-713-3171（問い合わせ先）仙台市建設局経営企画課電話：022-214-8812,9:00～21:00ただし、休館日はお休みです休館日は左記施設のサイトでご確認ください,140.8653 : 38.2654,,,,
石巻市,第10弾,2019/8/7,石巻市かわまち交流センター,宮城県石巻市中央二丁目11番17,電話：0225-93-6448,9:00～17:00ただし、年末年始(12/29～1/3)はお休みです,141.30952 : 38.4301,,,,
白石市,第6弾,2017/12/9,白石城歴史探訪ミュージアム,宮城県白石市益岡町1-16,電話：0224-24-3030,【4～10月】9:00～17:00【11～3月】9:00～16:00ただし、年末（12/28～12./31）はお休みです,140.61761 : 38.00256,,,,
名取市(A001),第08弾,2018/8/11,ウイングプラザ（名取駅コミュニティプラザ）,宮城県名取市手倉田字八幡287-15,電話：022-383-6330（問い合わせ先）名取市建設部下水道課電話：022-724-7131,【平日】8:30～17:00【休日】9:00～17:00ただし、年末年始（12/29～1/3）、臨時休館日はお休みです臨時休館日は、3月と9月の第2または第3土曜日の14時から終日を予定しています。詳細は左記施設へお問い合わせください,140.88054 : 38.17393,,,,
名取市(B001),第23弾,2024/7/26,尚絅学院大学　地域連携交流プラザ,宮城県名取市杜せきのした5丁目3-1（イオンモール名取内あおばコート3階）,電話:022-381-1490※令和７年１月２１日から住所と電話番号が下記に変わります名取市観光物産協会　ナトリサン宮城県名取市杜せきのした５丁目３−１（イオンモール名取１Ｆ）電話：022-386-6526（問合せ先）名取市建設部下水道課電話:022-724-7131,10：00～17：00ただし、水曜日、年末年始（12月27日～1月3日）及び臨時休館日はお休みです※令和７年１月２１日から配布時間が下記に変わります10：00〜17：00ただし、月曜日（月曜日が祝日の場合は翌日火曜日）,140.89578 : 38.16373,,,,
多賀城市（A001）,第07弾,2018/4/28,多賀城市埋蔵文化財調査センター展示室（多賀城市文化センター内）,宮城県多賀城市中央2-27-1,電話：022-368-0134（問合せ先）多賀城市上下水道部企業経営課電話:022-745-8049,9：00～16：30ただし、月曜日（祝日の場合を除く）、祝日の翌日（土曜日・日曜日を除く）、年末年始（12/28～1/4）、その他臨時休館日はお休みです※多賀城市埋蔵文化財調査センターが休館日の場合、史都多賀城観光案内所での配布となります,141.00507 : 38.29534,,,,
多賀城市（B001）,第08弾,2018/8/11,史都多賀城観光案内所（JR仙石線多賀城駅）,宮城県多賀城市中央2-1-7,電話：022-364-5901（問合せ先）多賀城市上下水道部企業経営課電話:022-745-8049,10:00～16:00ただし、年末年始と臨時休業日はお休みです,141.00461 : 38.29376,,,,
多賀城市(C001),第22弾,2024/4/26,【平日】多賀城市上下水道部庁舎 1階,宮城県多賀城市中央2-25-7,電話：022-745-8049【土日祝日】史都多賀城観光案内所（JR仙石線多賀城駅）多賀城市中央2-1-7電話022-364-5901（問合せ先）多賀城市上下水道部企業経営課電話:022-745-8049,【平日】8：30～17：00【土日祝日】10：00～16：00,141.00542 : 38.29643,,,,
東松島市（A001）,第04弾,2017/4/3,東松島市震災復興伝承館,宮城県東松島市野蒜北余景56-36,電話：0225-86-2985,9:00～17:00ただし、毎月第3水曜日は定休日です。,141.15868 : 38.37495,,,,
東松島市（B001）,第09弾,2018/12/14,Harappa 本店,宮城県東松島市矢本字北浦485番地1,電話：0225-24-6740,9:00～16:30ただし、年末年始はお休みです※なお、営業時間が臨時に変更されることが多いため、配布場所にご確認ください,141.21956 : 38.42323,,,,
東松島市(C001),第21弾,2023/12/15,東松島市市役所 鳴瀬庁舎2階 下水道課窓口,宮城県東松島市矢本上河戸36-1,電話0225-82-1111,9:00~17:00ただし、土日、祝日、年末年始はお休みです,141.21101 : 38.42539,,,,
富谷市,第22弾,2024/4/26,富谷宿観光交流ステーションとみやど,宮城県富谷市富谷新町111-1,電話:022-347-3344（問合せ先）富谷市建設部上下水道課電話:022-358-0529,10：00～17：00ただし、火曜日（祝日の場合は翌日）はお休みです,140.86945 : 38.37181,,,,
大河原町,第7弾,2018/4/28,【平日】大河原町役場 上下水道課【休日】大河原町役場 守衛室【祝日、年末年始】亘理町役場　警備員室,【平日休日】宮城県柴田郡大河原町字新南19【祝日年末年始】宮城県亘理郡亘理町字悠里1,電話：0224-53-2116,9:00～17:00（年中無休）,140.73076 : 38.0492,140.86879 : 38.04423,,,
亘理町,第16弾,2022/1/15,【平日】亘理町上下水道課【土日】亘理町立郷土資料館,【平日】宮城県亘理郡亘理町字悠里1【土日】宮城県亘理郡亘理町字西郷140,【平日】電話：0223-34-0515【土日】電話：0223-34-8701【祝日、年末年始】電話：0223-34-0515,【平日】8：30～17：15【土日】9：00～16：30【祝日、年末年始】8：30～17：15,140.86879 : 38.04423,140.86148 : 38.04037,,,
七ヶ浜町,第9弾,2018/12/14,七ヶ浜国際村,宮城県宮城郡七ヶ浜町花渕浜字大山1-1,(問い合わせ先)七ヶ浜町水道事業所電話：022-357-7458,10:00～17:00ただし、火曜日（火曜日が祝日の場合は翌日）、年末年始はお休みです,141.0685 : 38.30016,,,,
利府町,第14弾,2021/4/25,利府町役場町民交流館「ペア・パル利府」,宮城県宮城郡利府町利府字新並松４番地,電話:022-767-2111,【平日】8：30～17：15【土日祝日】9：00～17：15ただし、年末年始（12月28日から1月4日）及び臨時休館日はお休みです,140.97592 : 38.33031,,,,
大和町,第13弾,2020/12/17,大和町ふれあい文化創造センター,宮城県黒川郡大和町吉岡南2丁目-14,電話：022-344-4401（問合せ先）大和町上下水道課電話：022-345-2850,9：00～17：00ただし、第1・3火曜日、年末年始（12/28～1/4）、臨時閉館日はお休みです,140.878019 : 38.443538,,,,
大郷町,第25弾,2025/04/25,道の駅　おおさと,宮城県黒川郡大郷町中村字北浦51番地6,電話:022-359-2675,9：00から18：00ただし、閉館日はお休みです,140.992781 : 38.424057,,,,
大衡村(A001),第05弾,2017/8/1,【開庁日】大衡村役場1階都市建設課【閉庁日】大衡村役場守衛室,宮城県黒川郡大衡村大衡字平林62番地,電話:022-341-8516,【開庁日】9：00～17：00【閉庁日】9：00～17：00,140.87994 : 38.46721,,,,
大衡村(B001),第24弾,2024/12/20,万葉・おおひら館,宮城県黒川郡大衡村大衡字鐙沢12番地2,電話:022-347-2188（問合せ先）大衡村役場都市建設課電話:022-341-8516,9：00～18：00ただし、正月元旦から4日まではお休みです,140.89059 : 38.47153,,,,
涌谷町,第3弾,2016/12/1,わくや万葉の里 天平ろまん館,宮城県遠田郡涌谷町涌谷字黄金山1-3,電話：0229-43-2100,9:30～17:00（11月～3月は16:30まで）ただし、休館日はお休みです休館日は左記施設ホームページでご確認ください,141.13959 : 38.55156,,,,
女川町,第9弾,2018/12/14,女川町たびの情報館ぷらっと,宮城県牡鹿郡女川町女川浜字大原479番地の20 SG-7街区1画地,電話：0225-54-4328,9:00～15:00（年中無休）,141.43919 : 38.45109,,,,
秋田市（A001）,第1弾,2016/4/1,秋田市上下水道局 下水道整備課,秋田県秋田市川尻みよし町14-8,電話：018-864-1455,8:30～17:15土曜、日曜、祝日、年末年始は守衛室で配布します。,140.0968 : 39.71,,,,
秋田市（B001）,第8弾,2018/8/11,道の駅あきた港セリオン,秋田県秋田市土崎港西1-9-1,電話：018-857-3381,9:00～17:30,140.06168 : 39.75275,,,,
能代市,第11弾,2019/12/14,能代バスケミュージアム,秋田県能代市柳町5-20,電話:0185-88-8876(問合せ先)能代市下水道課下水道管理係電話:0185-89-2202,9：30～18：00（平日及び土日祝日）ただし、臨時休館日は配布しません,140.02737 : 40.20946,,,,
横手市,第22弾,2024/4/26,横手市ふれあいセンターかまくら館,秋田県横手市中央町8-12,電話:0182-33-7111（問合せ先）横手市上下水道部下水道課電話:0182-35-2253,9：00～17：00ただし、年末年始(12/29～1/3)はお休みです,140.56654 : 39.31367,,,,
男鹿市,第12弾,2020/4/25,「道の駅おが」男鹿市複合観光施設オガーレ,秋田県男鹿市船川港船川字新浜町1-19,電話:0185-47-7515(問合せ先)男鹿市企業局ガス上下水道課下水道班電話:0185-46-4132,9：00～17：00ただし、休館日は下記のとおりです①12月31日は14:00まで②1月1日~1月3日③2・3月の第3水・木曜日※臨時休館する場合がありますので、訪問の際には施設のサイトをご確認ください,139.84831 : 39.88443,,,,
大仙市,第13弾,2020/12/17,花火伝統文化継承資料館はなび・アム,秋田県大仙市大曲大町7-19,(問合せ先)大仙市上下水道局下水道課秋田県大仙市大曲花園町１番１号電話：0187-63-1111,9：00～17：00ただし、月曜日（祝日の場合には翌平日）はお休みです※臨時休館等、利用条件を変更する場合がありますので、訪問の際には施設のサイトをご確認ください,140.48053 : 39.45948,,,,
山形県（流域下水道）,第6弾,2017/12/9,【平日】山形浄化センター,山形県天童市大字大町字西原1915,（（公財）山形県建設技術センター 下水道事業所）電話：023-654-8400【休日】大石田町役場時間外受付窓口(山形県北村山郡大石田町緑町1番地)（問い合わせ先）山形県県土整備部 下水道課電話：023-630-2590,【平日】8:30～17:15【休日】8:30～17:15（年末年始はお休みします）,140.34668 : 38.39356,,,,
山形市（A001）,第22弾,2024/4/26,道の駅やまがた蔵王,山形県山形市表蔵王79番地1,電話:023-676-6868（問合せ先）山形市上下水道部経営企画課電話:023-645-1177,9：00～17：30ただし、1月1日（休館日）はお休みです施設の開館状況はホームページをご確認ください,140.31274 : 38.18924,,,,
山形市（B001）,第25弾,2025/04/25,最上義光歴史館,山形県山形市大手町1-53,電話:023-625-7101（問合せ先）山形市上下水道部電話:023-645-1177,9:00～16:30ただし、月曜日（国民の祝日と重なる場合はその翌日）及び年末年始はお休みです,140.3333983 : 38.2551461,,,,
鶴岡市（A001）,第01弾,2016/4/1,鶴岡市上下水道部,山形県鶴岡市のぞみ町2-10,電話：0235-25-5860,8:30～17:15（年中無休）,139.83562 : 38.71569,,,,
鶴岡市（B001）,第10弾,2019/8/7,鶴岡市観光案内所,山形県鶴岡市末広町3-1　マリカ東館1F（FOODEVER内）,電話：0235-25-7678（問い合わせ先）鶴岡市上下水道部下水道課電話：0235-25-5860,9：00～17：30ただし、年末年始（12/29～1/3）はお休みです,139.83653 : 38.73914,,,,
酒田市,第17弾,2022/8/6,酒田駅前観光案内所(酒田駅前交流拠点施設ミライニ内),山形県酒田市幸町一丁目10番1号,電話：0234-24-2454(問合せ先)酒田市上下水道部管理課電話：0234-22-1812,9：00～19：00ただし、年末年始（12/31～1/2）はお休みです,139.84494 : 38.92088,,,,
新庄市,第11弾,2019/12/14,新庄ふるさと歴史センター,山形県新庄市堀端町4番74号,電話：0233-22-2188,9:00～16:30（入場は16:00まで）ただし、毎週火曜日・祝日の翌日 （祝日の翌日が休日の場合を除く）及び年末年始(12/29～1/3)はおやすみです,140.29614 : 38.76692,,,,
寒河江市,第5弾,2017/8/1,道の駅寒河江チェリーランド（総合観光案内所内）,山形県寒河江市大字八鍬字川原919-6,電話：0237-86-1818,9:00～17:00ただし、年末年始（12/31～1/3）はお休みです,140.26968 : 38.39882,,,,
上山市,第04弾,2017/4/3,かみのやま温泉観光案内所（ＪＲかみのやま温泉駅前）,山形県上山市矢来1-2-1,電話：023-672-5703（問合せ先）上山市役所上下水道課電話：023-672-1111,9:00～17:00ただし、年末年始は時間が変更になります。,140.27821 : 38.15286,,,,
天童市,第3弾,2016/12/1,天童市上下水道課事業所,山形県天童市老野森1-3-25,電話：023-654-1111（内線443）,8:30～17:15ただし、土日、祝日、年末年始はお休みです,140.37807 : 38.36316,,,,
東根市,第8弾,2018/8/11,東根市観光物産協会,山形県東根市さくらんぼ駅前1-1-1（さくらんぼ東根駅1階）,電話：0237-41-1200（問い合わせ先）東根市上下水道部上下水道課電話：0237-42-1111,9:00～17:00（年中無休）,140.38138 : 38.42765,,,,
南陽市,第4弾,2017/4/3,【平日】南陽市上下水道課 水道庁舎,山形県南陽市三間通466-15,電話：0238-40-3211（内線343）【休日】赤湯温泉観光センター・ゆーなびからころ館南陽市赤湯754-2電話：0238-43-3114,【平日】8:30～17:15【休日】9:00～20:00（冬期間は9：00～19：00）,140.14888 : 38.05438,,,,
河北町,第9弾,2018/12/14,紅花資料館　物産館,山形県西村山郡河北町谷地戊1143,電話：0237-73-3500(問い合わせ先)河北町役場　上下水道課電話：0237-73-4111,【3月～10月】 9:00～17:00【11月～2月】  9:00～16:00ただし、毎月第2木曜日、年末年始（12/29～1/3）はお休みです,140.29997 : 38.43898,,,,
舟形町,第8弾,2018/8/11,舟形町観光物産センターめがみ,山形県最上郡舟形町舟形391-2（舟形駅構内）,電話：0233-32-3302,8：30～17：00,140.32124 : 38.69529,,,,
福島県（流域下水道）(A001),第06弾,2017/12/9,【平日】福島県あだたら清流センター【休日】二本松市観光案内所,【平日】福島県二本松市榎戸2-96【休日】福島県二本松市本町2-262（JR二本松駅構内）,【平日】電話：090-4639-3946【休日】電話：090-4639-3946（問い合わせ先）福島県土木部 下水道課電話：024-521-7515,【平日】8:30～17:15【休日】9:00～12:15、13:00〜17:30ただし、年末年始(12/29〜1/3)はお休みです,140.45714 : 37.59242,140.4353 : 37.58974,,,
福島県流域下水道(B001),第24弾,2024/12/20,【平日】福島県県北浄化センター【土日祝】国見町役場,【平日】福島県伊達郡国見町大字徳江字上悪戸46番地1【土日祝】福島県伊達郡国見町大字藤田字一丁田二1番地7,【平日】電話:090-8924-1758【土日祝】電話:090-8924-1758（自動音声案内対応）（問合せ先）福島県土木部下水道課電話:024-521-7515,【平日】8:30～17:15【土日祝】9:00～17:00ただし、年末年始（12/29～1/3）はお休みです,140.55264 : 37.86693,140.54869 : 37.87645,,,
福島市(A001),第3弾,2016/12/1,福島市アクティブシニアセンター・アオウゼ,福島県福島市曽根田町１−１８ ＭＡＸふくしま４階,電話：024-533-2344,9:00～19:00ただし、年末年始はお休みです（詳しくは「アオウゼ」ホームページをご覧ください）,140.46011 : 37.75893,,,,
福島市(B001),第13弾,2020/12/17,福島市観光案内所（JR福島駅西口２階）,福島県福島市栄町1-1,電話：024-531-6428,9:00～18:00 年中無休ただし年末年始の配布時間は、電話（024-531-6428）にて確認してください。,140.460487 : 37.755145,,,,
会津若松市,第2弾,2016/8/1,【平日】下水道施設課（上下水道局庁舎１階）,福島県会津若松市神指町大字黒川字石上33番地の2）,電話：0242-23-9507【休日】会津若松市役所 市民課福島県会津若松市栄町5-17（市役所栄町第二庁舎１階）電話：0242-39-1111（代表）,【平日】8:30～17:15【休日】9:00～17:00それぞれ配布窓口が異なるのでご注意ください新）会津若松市役所　市民課,139.90953 : 37.51174,,,,
郡山市（A001）,第2弾,2016/8/1,郡山市磐梯熱海観光物産館,福島県郡山市熱海町熱海二丁目15-1,電話：024-953-5408,9:00～19:00ただし、年末年始(12/29～1/3)は、お問合せください。,140.27446 : 37.48037,,,,
郡山市（B001）,第2弾,2016/8/1,湖南公民館,福島県郡山市湖南町福良字家老9390-4,電話：024-983-2543,8:30～17:15ただし、第三日曜日、年末年始（12/29～1/3）はお休みです,140.09288 : 37.385,,,,
いわき市(A001),第05弾,2017/8/1,いわき市観光物産センター いわき・ら・らミュウ1階中央インフォメーション,福島県いわき市小名浜字辰巳町43-1,電話：0246-92-3701,9:00～18:00ただし、月1回程度休館日（水曜日）があります,140.90378 : 36.94561,,,,
いわき市(B001),第17弾,2022/8/6,観光遊覧船サンシャインシーガル受付,福島県いわき市小名浜字辰巳町43-1いわき・ら・ら・ミュウ1F,電話：0246-38-4197,9:00～17:00ただし、水曜日はお休みです,140.90378 : 36.94561,,,,
いわき市(C001),第19弾,2023/4/28,いわきマリンタワー,福島県いわき市小名浜下神白字大作93,電話:0246-53-2448,9:00～17:00（但し入場は16:30まで）ただし、毎月第3火曜日及び1月1日（但し第3火曜日が国民祝日にあたる時はその翌日）はお休みです,140.91995 : 36.93935,,,,
いわき市(D001),第25弾,2025/04/25,いわき市石炭･化石館ほるる,福島県いわき市常磐湯本町向田3-1,電話:0246-42-3155（問合せ先）いわき市生活環境部生活排水対策室経営企画課電話:0246-22-7583,9：00～17：00（入館は16：30まで）ただし、第三火曜日（第三火曜日が祝日・振替休日の場合は翌日）及び１月１日はお休みです,140.848399 : 37.012636,,,,
白河市,第4弾,2017/4/3,公益財団法人 白河観光物産協会,福島県白河市郭内1-2（しらかわ観光ステーション内）,電話：0248-22-1147,9:00～18:00ただし、年末年始（12/29～1/3）はお休みです,140.21332 : 37.13072,,,,
須賀川市(A001),第10弾,2019/8/7,須賀川市民交流センター tette,福島県須賀川市中町4-10248-73-4407,（問い合わせ先）須賀川市下水道施設課0248-88-9159,【月～土】9：00～22：00【日・祝】9：00～20：00ただし、毎月第3火曜日、年末年始はお休みです,140.3756 : 37.28841,,,,
須賀川市(B001),第23弾,2024/7/26,須賀川市風流のはじめ館,福島県須賀川市本町81番地4,電話:0248-72-1212（問合せ先）須賀川市下水道施設課電話:0248-88-9159,9：00～17：00ただし、火曜日（祝日の場合は翌平日）、年末年始はお休みです,140.37599 : 37.28567,,,,
喜多方市,第11弾,2019/12/14,【平日】喜多方市役所下水道課【休日】喜多方市役所宿日直室,福島県喜多方市字御清水東7244-2,電話：0241-24-5262（本庁舎）電話：0241-24-5222,【平日】8:30～17:15【休日】8:30～17:15,139.87448 : 37.65137,,,,
相馬市,第6弾,2017/12/9,相馬市千客万来館,福島県相馬市中村字北町55-1,電話：0244-26-4848,9:00～16:30ただし、年末年始（12/29～1/3）はお休みです,140.91814 : 37.7985,,,,
二本松市,第5弾,2017/8/1,二本松市歴史観光施設【にほんまつ観光城報館】 ２階事務室,福島県二本松市郭内三丁目303番地5,電話：0243-22-6630,9：00~17：00ただし、月曜日（月曜日が祝日の場合は火曜日）、年末年始（12/29~1/3）はお休みです。その他臨時休館があります。,140.43324 : 37.59708,,,,
田村市,第7弾,2018/4/28,あぶくま洞管理事務所,福島県田村市滝根町菅谷字東釜山1,電話：0247-78-2125（問い合わせ先）田村市上下水道局上下水道課電話：0247-82-1527,8:30～16:00（年中無休）,140.64418 : 37.34922,,,,
南相馬市,第6弾,2017/12/9,小高区役所市民総合サービス課窓口,福島県南相馬市小高区本町2-78,電話：0244-44-6711（問い合わせ先）南相馬市建設部 下水道課 業務係電話：0244-24-5273,8:30～17:15（年中無休）,140.99274 : 37.56551,,,,
伊達市,第21弾,2023/12/15,伊達市観光案内所,福島県伊達市梁川町青葉町1（伊達市役所梁川分庁舎1階）,電話:070-3163-8736（問合せ先）伊達市役所建設部上下水道課電話:024-573-4138,9：00～17：00ただし、年末年始はお休みです,140.60136 : 37.8455,,,,
本宮市,第8弾,2018/8/11,本宮市役所建設部上下水道課,福島県本宮市本宮字万世212番地,電話：0243-24-5413,8：30～17：15,140.39389 : 37.51302,,,,
桑折町,第5弾,2017/8/1,旧伊達郡役所,福島県伊達郡桑折町字陣屋12,電話：024-582-5507（問い合わせ先）桑折町役場 上下水道課電話：024-582-1100,9:00～17:00（16：30最終入館）ただし、月曜日（月曜日が祝祭日の場合は火曜日）、祝祭日の翌日、展示替え期間、年末年始はお休みです※休館日は桑折町役場で配布しています,140.51877 : 37.84348,,,,
国見町,第24弾,2024/12/20,道の駅国見　あつかしの郷,福島県伊達郡国見町大字藤田字日渡二18-,1電話:024-585-2132（問合せ先）国見町　上下水道課電話:024-585-2997,9：00～17：30ただし、年末年始(12/29～1/3)はお休みです,140.54532 : 37.87143,,,,
猪苗代町,第8弾,2018/8/11,【平日】猪苗代町役場上下水道課窓口【休日】猪苗代町役場宿日直室,福島県耶麻郡猪苗代町字城南100,電話：0242-62-5633,9:00～17：00（年中無休）,140.10515 : 37.55787,,,,
会津坂下町,第7弾,2018/4/28,【平日】会津坂下町役場 建設課 上下水道班【休日】会津坂下町役場 日直窓口（戸籍環境班）,福島県河沼郡会津坂下町字市中三番甲3662,電話：0242-84-1531,8:30～17:15（年中無休）,139.8217 : 37.56145,,,,
湯川村（A001）,第07弾,2018/4/28,湯川村役場窓口,福島県河沼郡湯川村大字清水田字長瀞18,電話：0241-27-8800,9:00～17:00（年中無休）,139.8875 : 37.5653,,,,
湯川村(B001),第14弾,2021/4/25,道の駅あいづ　湯川・会津坂下,福島県河沼郡湯川村大字佐野目字五丁ノ目78-1,電話:0241-27-8853,9:00-19:00 （4/1～11/30）9:00-18:00 （12/1～3/31）,139.86681 : 37.55664,,,,
西郷村,第7弾,2018/4/28,西郷村農産物産館「まるごと西郷館」,福島県西郷村大字熊倉字折口原146番地,電話：0248-25-5007ただし、年末年始のみ、西郷村役場１階窓口電話：0248-25-1111（代表）（問い合わせ先）西郷村上下水道課 業務係電話：0248-25-2912,9:00～18：00ただし、毎月第3火曜日（祝日除く）は定休日のため、西郷村役場上下水道お客様センター（本庁舎１階）にて配布いたします（8：30～17：15）また、年末年始休業中は、西郷村役場にて配布いたします（※対応期間は毎年変更があります。期間・配布時間などの詳細についてはお問い合わせください）,140.14182 : 37.13875,,,,
棚倉町,第20弾,2023/7/28,【平日】棚倉町役場上下水道課【休日】棚倉町役場日直窓口,福島県東白川郡棚倉町大字棚倉字中居野33,電話:0247-33-2119【休日】電話:0247-33-2111,8：30～17：15,140.37944 : 37.02943,,,,
三春町,第18弾,2023/1/28,【月曜日以外】三春なかまち蔵一ノ蔵「花かご」【月曜日】三春きたまち蔵「TENJIN」,【月曜日以外】福島県田村郡三春町字中町4【月曜日】福島県田村郡三春町字北町10,【月曜日以外】電話：0247-61-2661【月曜日】電話：0247-62-3690(問合せ先)三春町企業局　下水道グループTel：0247-62-2500,【月曜日以外】10：00～17：00【月曜日】9：00～17：00,140.48863 : 37.4414,140.49101 : 37.44316,,,
楢葉町,第17弾,2022/8/6,楢葉町サイクリングターミナル,福島県双葉郡楢葉町大字北田字上ノ原27-29,電話：0240-25-3113,8：00～17：00ただし、施設メンテナンス日はお休みです,141.01254 : 37.26968,,,,
富岡町,第16弾,2022/1/15,とみおかアーカイブ・ミュージアム,福島県双葉郡富岡町大字本岡字王塚760-1,電話：0240-25-8644(問合せ先)富岡町役場都市整備課電話：0240-22-2111,9：00～17：00（最終入場16：30）ただし、月曜日（月曜祝日の場合は火曜日）及び年末年始（12/29～1/3）はお休みです,140.98891 : 37.35638,,,,
川内村,第17弾,2022/8/6,ショッピングセンターYO-TASHI内【けろりん堂】,福島県双葉郡川内村大字下川内字宮ノ下25-1,電話：0240-23-5551,【平日】9：00～18：00【土日祝日】10：00～15：00ただし、年末年始はお休みです,140.85088 : 37.319,,,,
水戸市,第1弾,2016/4/1,水戸観光案内所,茨城県水戸市宮町1-1-1（JR東日本常磐線水戸駅改札口脇）,電話：029-221-6456,9:00～19:00ただし、年末年始（12/29～1/3）はお休みです,140.48157 : 36.36988,,,,
日立市,第10弾,2019/8/7,【平日】日立市役所下水道課【休日】ぷらっとひたち（日立駅情報交流プラザ）,【平日】茨城県日立市助川町1-1-1【休日】茨城県日立市幸町1-1-2（日立駅中央口北側）,【平日】電話：0294-22-3111【休日】電話：0294-51-3972,【平日】8：30～17：15【休日】9：00～19：00,140.65044 : 36.59962,140.66113 : 36.58913,,,
土浦市(A001),第07弾,2018/4/28,土浦市観光協会,茨城県土浦市中央1-3-16,電話：029-824-2810（問い合わせ先）土浦市役所建設部 下水道課 管理係電話：029-826-1111（内線2386）,9:00～18:00ただし、年末年始（12/29～1/3）はお休みです,140.20016 : 36.08218,,,,
土浦市(B001),第20弾,2023/7/28,【平日】土浦市役所　広報広聴課【土日祝日】観光情報物産センターきらら館,【平日】茨城県土浦市大和町9-1　3階【土日祝日】茨城県土浦市大和町9-1　1階,【平日】電話:029-826-1111（内線2323）【土日祝日】電話：029-824-6110,【平日】8：30～17：00【土日祝日】9：00～17：30ただし、年末年始（12/29～1/3）はお休みです（12月28日は16：30で終了）,140.20352 : 36.07801,140.20352 : 36.07801,,,
土浦市(C001),第21弾,2023/12/15,土浦市立博物館,茨城県土浦市中央一丁目15-18,電話:029-824-2928,9:00～16:00ただし、月曜日（祝日の場合は開館）、祝日の翌日、年末年始（令和6年度は12/28～1/4）、展示替えに伴う臨時休業日はお休みです,140.19749 : 36.08552,,,,
土浦市(D001),第22弾,2024/4/26,土浦市民ギャラリー,茨城県土浦市大和町1-1,電話:029-846-2950,10:00～17:00ただし、月曜日（祝日を除く）、年末年始（12/29～1/3）はお休みです,140.20604 : 36.07922,,,,
土浦市(E001),第23弾,2024/7/26,土浦市亀城プラザ,茨城県土浦市中央二丁目16-4,電話:029-824-3121,9:00～16:00ただし、水曜日（祝日にあたるときは、その翌平日）、年末年始（令和6年度は12/28～1/5）はお休みです,140.19887 : 36.08582,,,,
土浦市(F001),第24弾,2024/12/20,霞ケ浦総合公園テニスコート管理事務所,茨城県土浦市大岩田580,電話：029-824-0880,9:00〜17:00ただし、毎週月曜日（祝日にあたるときは、その翌平日）、年末年始はお休みです※臨時の休業日については事前にご確認ください,140.21594 : 36.0659114,,,,
古河市,第23弾,2024/7/26,古河市観光案内所,茨城県古河市東本町１丁目1 JR古河駅構内東側,電話:0280-30-3434（問合せ先）古河市役所下水道課電話:0280-76-1511,【平日】10:00～15:00【土日祝日】9:00～15:00ただし、年末年始（12月29日～1月3日）はお休みです,139.7101 : 36.19429,,,,
石岡市（A001）,第3弾,2016/12/1,まち蔵藍,茨城県石岡市国府3-5-6,電話：0299-23-8723,【3～10月】10:30～17:30【11～2月】10:30～16:30ただし、木曜日、年末年始（12/29～1/1）（祝日の場合は翌日）はお休みです,140.27357 : 36.18885,,,,
石岡市（B001）,第4弾,2017/4/3,yasato de toreta マーケット,茨城県石岡市下青柳200（茨城県フラワーパーク駐車場内）,電話：0299-42-4111,9:00～18:00ただし、火曜日（火曜日が祝日・振替休日の場合はその翌日）はお休みです,140.17024 : 36.21229,,,,
結城市,第9弾,2018/12/14,【木曜日以外】結城蔵美館【木曜日】結城市都市建設部下水道課,【木曜日以外】茨城県結城市大字結城1330【木曜日】茨城県結城市都市建設部下水道課結城市中央町二丁目3番地（庁舎3階）,【木曜日以外】電話：0296-54-5123【木曜日】電話：0296-34-1612(問い合わせ先)結城市都市建設部下水道課電話：0296-34-1612,【結城蔵美館(木曜日以外)】9：00～17：00ただし、年末年始(12/28～1/4)はお休みです【結城市都市建設部下水道課(木曜日)】8:30～17:15,139.87958 : 36.30392,139.87715 : 36.30526,,,
龍ケ崎市(A001),第10弾,2019/8/7,【平日】龍ケ崎市　下水道課【休日】龍ケ崎市　市民窓口ステーション,【平日】茨城県龍ケ崎市3710番地【休日】茨城県龍ケ崎市小柴5丁目1番地2サプラ2階,【平日】電話：0297-60-1552【休日】電話：0297-66-0650,【平日】9:00～17:00【休日】10:30～19:00,140.18227 : 35.91159,140.16017 : 35.93317,,,
龍ケ崎市(B001),第23弾,2024/7/26,龍ケ崎市観光物産センター,茨城県龍ケ崎市佐貫町645-1 関鉄佐貫ビル2　1階南側,（問合せ先）龍ケ崎市役所都市整備部下水道課電話:0297-64-1111,【平日】10：00～18：00【土日祝日】10：00～17：00ただし、毎週月曜日(月曜が祝日の場合は翌日)、1月1日～3日はお休みです,140.13805 : 35.92896,,,,
下妻市,第14弾,2021/4/25,下妻市立図書館,茨城県下妻市砂沼新田35-1,電話:0296-43-8811,10:00～17:00ただし、閉館日及び年末年始はお休みです,139.95393 : 36.18173,,,,
常総市,第6弾,2017/12/9,常総市地域交流センター,茨城県常総市新石下2010,電話：0297-42-0169,9:00～16:30ただし、月曜日（月曜日が祝日の場合はその翌日）、年末年始（12/28～1/4）はお休みです,139.98169 : 36.11314,,,,
常陸太田市,第12弾,2020/4/25,常陸太田市観光案内センター,茨城県常陸太田市山下町1049-6,電話:0294-73-1700,9：00～17：00ただし、年末年始（12月29日～1月3日）はお休みです,140.52943 : 36.52922,,,,
高萩市,第14弾,2021/4/25,【平日】高萩市役所都市建設課（庁舎２階）【休日】高萩市役所総合受付（庁舎1階）,茨城県高萩市本町1-100-1,(問合せ先)高萩市役所都市建設課電話:0293-23-7032,8:30～17:15（土日、祝日含む）,140.7093 : 36.71379,,,,
北茨城市,第11弾,2019/12/14,【平日】北茨城市役所総合受付【休日】北茨城市役所守衛室（日曜開庁日は市民課窓口にて配布）,茨城県北茨城市磯原町磯原1630,（問い合わせ先）北茨城市役所下水道課電話：0293-43-1111,9:00～17:00,140.74883 : 36.8032,,,,
取手市,第8弾,2018/8/11,取手市役所取手支所取手駅前窓口,茨城県取手市新町1-9-1（リボンとりでビル3階）,（問い合わせ先）取手地方広域下水道組合　排水窓口課電話：0297-74-4125,10：00～19：00ただし、第3水曜日、年末年始はお休みです,140.06227 : 35.89618,,,,
牛久市,第22弾,2024/4/26,牛久市役所2階総合窓口課,茨城県牛久市中央3-15-1,電話:029-873-2111,8：30～17：15ただし、祝日、ゴールデンウイーク、年末年始はお休みです,140.14948 : 35.97956,,,,
つくば市(A001),第02弾,2016/8/1,【月曜日から土曜日（祝日を除く）】つくば市役所１階 水道お客様センター【日曜日及び祝日】つくば市役所１階総合案内,【月曜日から土曜日（祝日を除く）】茨城県つくば市研究学園1-1-1（市役所1階）【日曜日及び祝日】茨城県つくば市研究学園1-1-1,電話：029-883-1111（問合せ先）つくば市上下水道局下水道総務課,8:45～16:30ただし、年末年始（12/29～1/3）はお休みです※【英語版】も配布しています,140.07649 : 36.08332,140.07649 : 36.08332,,,
つくば市(B001),第19弾,2023/4/28,つくば駅前観光案内所,茨城県つくば市吾妻一丁目8-10,電話:029-879-5298（問合せ先）つくば市役所都市計画部総合交通政策課サイクルコミュニティ推進室電話:029-883-1111（内線：3421・3422）,9：00～17：15ただし、祝日と年末年始はお休みです,140.11263 : 36.08232,,,,
鹿嶋市,第5弾,2017/8/1,鹿島アントラーズオフィシャルショップ・クラブハウス店,茨城県鹿嶋市粟生東山2887,電話：0299-84-6863（問い合わせ先）鹿嶋市役所都市整備部下水道課電話：0299-82-2911（内線441～443）,10:00～18:00※ただし、月曜日はお休みです。また、年末年始は短縮時間となります,140.6543 : 35.94719,,,,
守谷市,第6弾,2017/12/9,【平日】守谷市上下水道事務所【休日】守谷市役所,【平日】茨城県守谷市百合ヶ丘2-2734-1【休日】茨城県守谷市大柏950-1,【平日】電話：0297-48-1842【休日】電話：0297-45-1111,8:30～17:15それぞれ配布窓口が異なるのでご注意ください,139.98103 : 35.94944,139.97459 : 35.9513,,,
常陸大宮市,第18弾,2023/1/28,道の駅常陸大宮～かわプラザ～,茨城県常陸大宮市岩崎717-1,電話：0295-58-5038,9:00～18:00,140.41376 : 36.59721,,,,
那珂市,第10弾,2019/8/7,那珂市曲がり屋,茨城県那珂市菅谷4520-1（一ノ関ため池親水公園）,電話：029-295-1315,9:00～16:30ただし、月曜日（祭日の場合はその翌日、11～3月は無休）及び年末年始はお休みです,140.48831 : 36.45662,,,,
筑西市,第11弾,2019/12/14,【平日】筑西市役所上下水道部下水道課【休日】筑西市役所1階総合案内,茨城県筑西市丙360番地,電話：0296-22-0503【休日】電話：0296-24-2111,【平日】8：30～17：15【休日】9：00～17：00,139.97942 : 36.30524,,,,
かすみがうら市,第21弾,2023/12/15,かすみがうら市交流センター,茨城県かすみがうら市坂4784番地先,電話:029-840-9010,10:00～16：00ただし、休館日（年末年始、館内清掃日等）はお休みです,140.36362 : 36.0783,,,,
桜川市(A001),第11弾,2019/12/14,【平日】桜川市役所下水道課【休日】桜川市役所真壁庁舎,【平日】茨城県桜川市真壁町飯塚911番地【休日】茨城県桜川市真壁町飯塚911番地,【平日】電話：0296-55-1111【休日】電話：0296-55-1111,【平日】9：00～16：00【休日】9：00～16：00,140.0914 : 36.27898,140.0914 : 36.27898,,,
桜川市(B001),第24弾,2024/12/20,【平日】桜川市役所大和庁舎総合窓口課【休日】桜川市役所大和庁舎日直窓口,茨城県桜川市羽田1023番地,（問合せ先）桜川市上下水道部下水道課電話:0296-55-1111,9:00～16:00年末年始も配布します,140.09235 : 36.3286,,,,
行方市,第8弾,2018/8/11,天王崎観光交流センター「コテラス」,茨城県行方市麻生419-1（白帆の湯あそう温泉内）,電話：0299-80-6622（問い合わせ先）行方市役所下水道課電話：0299-55-0111,10：00～17：00ただし、水曜日はお休みです,140.47641 : 35.98537,,,,
鉾田市,第10弾,2019/8/7,鉾田市役所本庁舎１F市民課窓口,茨城県鉾田市鉾田1444番地1,電話：0291-33-2111（代表）（問い合わせ先）鉾田市役所上下水道部下水道課電話：0291-32-8381,8：30～17：00（土・日・祝日　含む）※平日のマンホールカードの配布は、通常業務中の窓口での対応となります。窓口に設置してあります、証明書発行の番号札をとってお待ちください。混雑状況により、受付にお時間を要する場合がありますので、事前にご了承ください。,140.51581 : 36.15877,,,,
大洗町,第18弾,2023/1/28,大洗町観光情報交流センター「うみまちテラス」,茨城県東茨城郡大洗町桜道301,電話：029-352-2715,9：00～18：00ただし、12月29日～12月31日はお休みです,140.56267 : 36.31517,,,,
五霞町,第21弾,2023/12/15,【平日】五霞町役場建設水道課【土日祝日】五霞町役場日直,【平日】茨城県猿島郡五霞町大字小福田1162番地1（庁舎2階）【土日祝日】茨城県猿島郡五霞町大字小福田1162番地1,【平日】電話：0280-84-3000【土日祝日】電話：0280-84-1111（自動音声対応）※土日祝日は正面玄関が施錠されていますので、庁舎に向かって右側の通用口（らせん階段脇）でインターホンを押してお待ちください。,【平日】9:00～17:00ただし、土日祝日はお休みです【土日祝日】9:00～17:00,139.74669 : 36.11348,139.74669 : 36.11348,,,
栃木県（流域下水道）,第7弾,2018/4/28,【平日】栃木県下水道管理事務所【休日】上三川町観光協会,【平日】栃木県河内郡上三川町多功1159【休日】栃木県河内郡上三川町しらさぎ1-3-5（むかしなつかし館内）,【平日】電話：0285-53-5695【休日】電話：0285-57-2335,【平日】9:00～16:00【休日】11:00～16:00ただし、年末年始はお休みです,139.86443 : 36.41499,139.90797 : 36.43947,,,
宇都宮市（A001）,第03弾,2016/12/1,宇都宮市上下水道局【平日】2階 経営企画課【休日】1階 警備員室,栃木県宇都宮市河原町1-41,電話：028-633-3230,8:30～17:15ただし、年末年始はお休みですそれぞれ配布窓口が異なるのでご注意ください,139.88342 : 36.55079,,,,
宇都宮市（B001）,第10弾,2019/8/7,宇都宮市観光案内所,栃木県宇都宮市川向町1-23,電話：028－636-2177,8:30～20:00ただし、年末年始（12月29日～1月3日）はお休みです,139.89767 : 36.56013,,,,
宇都宮市(C001),第23弾,2024/7/26,交通未来都市うつのみやオープンスクエア,栃木県宇都宮市駅前通り1丁目4-6 トナリエ宇都宮 3階,電話:028-611-3206,10:00～19:00ただし、トナリエ宇都宮の閉館日（年始のみ）はお休みです,139.89708 : 36.56047,,,,
足利市（A001）,第2弾,2016/8/1,太平記館,栃木県足利市伊勢町3-6-4（足利市観光協会駐車場内）,電話：0284-43-3000,9:00～17:00ただし、年末（12/29～12/31）はお休みです,139.45435 : 36.3349,,,,
足利市（B001）,第4弾,2017/4/3,足利まちなか遊学館,栃木県足利市通1-2673-1,電話：0284-41-8201,9:00～17:00ただし、第3月曜日（祝祭日・振替休日の時は翌日）、年末（12/29～12/31）はお休みです※史跡足利学校の休館日に合わせ、休館日が変更となる月があります,139.45319 : 36.33427,,,,
栃木市,第9弾,2018/12/14,一般社団法人栃木市観光協会,栃木県栃木市倭町14-1,電話：0282-25-2356(問い合わせ先)栃木市上下水道局上下水道総務課電話：0282-25-2104,8:30～17:00ただし、年末年始(12/29～1/3)はお休みです,139.73438 : 36.38008,,,,
佐野市,第9弾,2018/12/14,佐野市観光物産会館,栃木県佐野市金井上町2519,電話：0283-21-5111(問い合わせ先)佐野市上下水道局下水道課電話：0283-23-1120,9:00～18:00不定休,139.57253 : 36.3112,,,,
鹿沼市,第10弾,2019/8/7,まちの駅　新・鹿沼宿,栃木県鹿沼市仲町1604-1,電話：0289-60-2507,9:00～19:00,139.74602 : 36.56406,,,,
日光市（A001）,第8弾,2018/8/11,日光市観光協会　今市支部,栃木県日光市今市717-1,電話：0288-22-1525,9：00～17：00,139.68797 : 36.72472,,,,
日光市（B001）,第9弾,2018/12/14,栃木県立日光自然博物館（奥日光インフォメーションセンター）,栃木県日光市中宮祠2480-1,電話：0288-55-0880,【4/1～11/10】9:00～17:00【11/11～3/31】10:00～16:00ただし、11月〜5月の月曜日(月曜日が祝日の場合、翌日以降に振り替え）、年末年始(12/29〜1/3）はお休みです,139.50159 : 36.73977,,,,
小山市,第15弾,2021/8/17,【平日】小山市役所市役所４階　上下水道施設課内【土日祝日】小山市役所　市役所1階　中央管理室（庁舎西側）,栃木県小山市中央町1-1-1,（問合せ先）小山市建設水道部上下水道施設課電話：0285-24-7617,8:30～17:15,139.79967 : 36.31435,,,,
真岡市,第11弾,2019/12/14,久保記念観光文化交流館,栃木県真岡市荒町1105番地1,電話:0285-82-2012,9:00～17:00ただし、火曜日(祝日の場合は翌日)、年末年始はお休みです,140.011618 : 36.443115,,,,
大田原市,第3弾,2016/12/1,大田原市観光交流センター（大田原市観光協会）,栃木県大田原市黒羽田町848（大田原市黒羽支所内）,電話：0287-54-1110,9：00〜17：00ただし、年末年始（12/29〜1/3）はお休みです,140.12439 : 36.86061,,,,
那須塩原市(A001),第11弾,2019/12/14,那須塩原市塩原もの語り館,栃木県那須塩原市塩原747,電話：0287-32-4000,8：30～17：00臨時閉館日がありますのでご注意ください,139.81947 : 36.9724,,,,
那須塩原市(B001),第12弾,2020/4/25,板室自然遊学センター,栃木県那須塩原市百村3090-6,電話:0287-69-0231,10：00～15：00ただし、第4水曜日、祝祭日の翌日、年末年始（12/30～1/2）はお休みです,139.86511 : 37.08015,,,,
さくら市,第18弾,2023/1/28,【平日土曜日】さくら市役所　卯の里庁舎【日曜日】さくら市役所　当直室,【平日土曜日】栃木県さくら市氏家2190-7【日曜日】栃木県さくら市氏家2771,【平日土曜日】電話：028-681-1118【日曜日】電話：028-681-1111,8:30～17:00,139.9568 : 36.68272,139.96657 : 36.68531,,,
下野市,第6弾,2017/12/9,グリムの森「グリムの館」,栃木県下野市下古山747,電話：0285-52-1180,9：00～17：00ただし、火曜日と月末日はお休みです。（土日祝日の場合は開館、その翌日が休館）また、年末年始（12/28～1/4）はお休みです,139.85588 : 36.4553,,,,
上三川町,第23弾,2024/7/26,上三川町ＯＲＩＧＡＭＩプラザ,栃木県河内郡上三川町大字上三川４１７３番地１,電話:0285-56-9159（問合せ先）上三川町上下水道課電話:0285-56-9167,9：00～17：00ただし、年末年始（12/29～1/3）はお休みです。その他、施設の点検等で休館する場合があります。,139.90903 : 36.43592,,,,
壬生町(A001),第14弾,2021/4/25,【平日】壬生町役場下水道課【休日】壬生町役場宿直室,栃木県下都賀郡壬生町大字壬生甲３８４１番地１,電話:0282-81-1859,9：00－17：00（年中無休）,139.81451 : 36.44137,,,,
壬生町(B001),第18弾,2023/1/28,壬生町おもちゃ博物館,栃木県下都賀郡壬生町国谷2300番地,電話：0282-86-7111(問合せ先)壬生町建設部下水道課電話：0282-81-1858,10：45～16：30ただし、毎週月曜・年末年始はお休みです。（月曜日が祝日・振替休日の場合は翌日が休みとなります。）,139.80838 : 36.46192,,,,
群馬県（流域下水道）,第5弾,2017/8/1,【平日】群馬県県土整備部 下水道総合事務所【土日祝日】玉村町総合運動公園 管理棟,【平日】群馬県佐波郡玉村町上之手1846-1,電話：0270-65-7557【土日祝日】群馬県佐波郡玉村町宇貫481電話：0270-65-9530※臨時休園が心配な方の事前確認は電話でお願いします,【平日】9:00～12:00、13:00〜17:00【土日祝日】9:00～16:00※ただし年末年始（12/29～1/3）はお休みです,139.110206 : 36.297491,,,,
前橋市,第3弾,2016/12/1,道の駅「まえばし赤城」観光案内所,群馬県前橋市田口町３６番地,電話：027-212-0082,9:00～18:00ただし、年末年始（12/30～1/3）はお休みです,139.04689 : 36.447,,,,
桐生市(A001),第07弾,2018/4/28,桐生市観光情報センター「シルクル桐生」,群馬県桐生市本町5丁目354番地,電話　0277-32-4555,9：00～17：00休館日：12月29日〜1月3日,139.33839 : 36.41087,,,,
桐生市(B001),第16弾,2022/1/15,【平日】桐生市役所水道局下水道課【休日】桐生市役所宿日直室,群馬県桐生市織姫町1番1号,電話：0277-46-1111（内線752）,【平日】9：00～17：00【休日】9：00～17：00,139.3306 : 36.40532,,,,
伊勢崎市,第24弾,2024/12/20,【通常】伊勢崎駅前インフォメーションセンター【上記の休館日】伊勢崎市上下水道局総務課,【通常】群馬県伊勢崎市曲輪町8番地1【上記の休館日】群馬県伊勢崎市連取元町170番地3,【通常】電話:0270-61-8008【上記の休館日】電話:0270-30-1272（問合せ先）伊勢崎市上下水道局下水道施設課電話:0270-32-4554,【通常】9:00～16:00ただし、月曜日(祝日のときは、その直後の平日)及び年末年始はお休みです【上記の休館日】9:00～17:00月曜日(祝日のときは、その直後の平日)に配布しますただし、年末年始はお休みです,139.19278 : 36.32607,139.18004 : 36.31026,,,
沼田市,第8弾,2018/8/11,沼田市観光案内所,群馬県沼田市西倉内町2889-3,電話：0278-25-8555,【4～11月】9：00～17：00【12～3月】9：00～16：00ただし、年末年始、臨時休館日はお休みです,139.03899 : 36.64739,,,,
館林市,第3弾,2016/12/1,つつじが岡ふれあいセンター,群馬県館林市花山町3181,電話：0276-74-5233,9：00～17：00（最終入館16時30分）※月曜日（祝日の場合は翌平日）と年末年始と臨時休館日はお休みです,139.55154 : 36.24183,,,,
渋川市（A001）,第09弾,2018/12/14,中央公民館（渋川東部公民館）,群馬県渋川市渋川908番地21,電話:0279－22－4321（問い合わせ先）渋川市上下水道局電話:0279－22－2504,8:30～17:00休館日:年末年始、定期清掃時定期清掃時は渋川市役所上下水道局総務経営課にて配布します。（渋川市役所第二庁舎になりますのでご注意ください。）,139.00525 : 36.50119,,,,
渋川市（B001）,第10弾,2019/8/7,伊香保ロープウェイ不如帰駅観光案内所,群馬県渋川市伊香保町伊香保558番地1,電話：0279-72-2418（問い合わせ先）渋川市上下水道局電話：0279-22-2120,9:00～18:00年中無休,138.92435 : 36.49498,,,,
渋川市(C001),第12弾,2020/4/25,渋川地区名産品センター（しぶさん）,群馬県渋川市渋川1832番地27 渋川駅前プラザ,電話:0279-26-2423(問合せ先)渋川市上下水道局電話:0279-22-2504,9:00～19:00ただし、１月１日、臨時休館日はお休みです,139.00647 : 36.49323,,,,
藤岡市,第7弾,2018/4/28,道の駅ららん藤岡,群馬県藤岡市観光案内所群馬県藤岡市中1131-8,電話：0274-50-9933（問い合わせ先）藤岡市役所 下水道課電話：0274-22-1211,9：30～17：00ただし、年末年始（12/29～1/3）はお休みです,139.07457 : 36.25851,,,,
富岡市,第3弾,2016/12/1,まちなか観光物産館「お富ちゃん家」観光案内所,群馬県富岡市富岡1151-1,電話：0274-62-6001（問い合わせ先）富岡市建設水道部下水道課電話：0274-64-1151,9：00～17：00年末（12/29～31）はお休みです,138.89211 : 36.25594,,,,
みどり市,第9弾,2018/12/14,一般社団法人みどり市観光協会,群馬県みどり市大間々町大間々1034-5,電話：0277-46-7289,9:00～16:00ただし、年末年始はお休みです,139.2742 : 36.43547,,,,
吉岡町,第12弾,2020/4/25,【平日】吉岡町役場上下水道課【休日】吉岡町文化センター,【平日】群馬県北群馬郡吉岡町大字下野田560【休日】群馬県北群馬郡吉岡町大字下野田472,【平日】電話:0279-26-2284（直通）【休日】電話:0279-54-1161,【平日】8:30～17:15【休日】9:00～18:00ただし、年末年始はお休みです,139.00987 : 36.44725,139.01129 : 36.44788,,,
草津町,第08弾,2018/8/11,草津町役場,群馬県吾妻郡草津町大字草津28,電話：0279-88-7183（問い合わせ先）草津町役場上下水道課電話：0279-88-7183,8：30～17：00ただし、土日、祝日、年末年始はお休みです,138.59621 : 36.6207,,,,
玉村町,第11弾,2019/12/14,【平日】玉村町水道庁舎（玉村町上下水道課）【休日】道の駅　玉村宿（総合案内）,【平日】群馬県佐波郡玉村町大字上新田1116-3【休日】群馬県佐波郡玉村町大字上新田604-1,【平日】電話：0270-65-6691(問合せ先)玉村町上下水道課(平日9：00〜17：00)【休日】電話：0270-27-6688,9:30～17:00ただし、年末年始はお休みです,139.10529 : 36.30862,139.09952 : 36.30426,,,
明和町,第20弾,2023/7/28,駅前プラザ「メイちゃん家」,群馬県邑楽郡明和町中谷328-10,電話:0276-51-6381（問合せ先）明和町役場都市建設課電話:0276-84-3111,【平日】8：00～20：00【休日】9：00～17：00ただし、年末年始（12/29～1/3）はお休みです,139.52588 : 36.20786,,,,
大泉町,第4弾,2017/4/3,【平日】大泉町役場 公園下水道課【休日】大泉町役場 総合窓口,群馬県邑楽郡大泉町日の出55-1,電話：0276-63-3111,8：30～17：15,139.40489 : 36.24812,,,,
邑楽町(A001),第08弾,2018/8/11,【平日】邑楽町役場２階 都市計画課【休日】邑楽町役場１階 休日受付窓口,群馬県邑楽郡邑楽町大字中野2570-1,電話：0276-88-5511（問い合わせ先）電話：0276-47-5037,8：30～17：15,139.46216 : 36.25274,,,,
邑楽町(B001),第21弾,2023/12/15,【通常】シンボルタワー 未来MiRAi【上記休館日】邑楽町役場都市計画課2F（月、火 ※祝日を除く）休日受付窓口1F（年末年始）,【通常】群馬県邑楽郡邑楽町大字中野2639番地1【上記休館日】群馬県邑楽郡邑楽町大字中野2570番地1,【通常】電話:0276-88-8686【上記休館日】電話:0276-47-5037(都市計画課)：0276-88-5511（休日窓口）（問合せ先）邑楽町役場都市計画課電話:0276-47-5037,【通常】10：00～18：00（４月～９月）10：00～16：00（10月～３月）※イルミーネション開催時期については21:00まで※ただし、月・火（祝日を除く）、年末年始はお休みです【上記休館日】8：30～17：15休館日（月・火（祝日を除く）、年末年始）に配布します,139.46216 : 36.25274,139.46216 : 36.25274,,,
埼玉県下水道公社,第17弾,2023/1/28,荒川水循環センター（守衛室）,埼玉県戸田市笹目5-37-14,電話：048-421-5861（問い合わせ先）公益財団法人埼玉県下水道公社荒川左岸南部支社電話：048-421-5861,9:00～12:00、13:00～16:30,139.63913 : 35.81608,,,,
埼玉県（流域下水道・A001）,第04弾,2017/4/3,公益財団法人埼玉県下水道公社 荒川左岸南部支社,埼玉県戸田市笹目5-37-14,電話：048-421-5861,9：00～17：00ただし、土日、祝日、年末年始はお休みです,139.63913 : 35.81608,,,,
埼玉県（流域下水道・B001）,第04弾,2017/4/3,公益財団法人埼玉県下水道公社 荒川左岸北部支社,埼玉県桶川市大字小針領家939,電話：048-728-2011,9：00～17：00ただし、土日、祝日、年末年始はお休みです,139.58952 : 36.02576,,,,
埼玉県（流域下水道・C001）,第04弾,2017/4/3,公益財団法人埼玉県下水道公社 荒川右岸支社,埼玉県和光市新倉6-1-1,電話：048-466-2400※新河岸川上流水循環センター（川越市大仙場1287）では配布していません,9：00～17：00ただし、土日、祝日、年末年始はお休みです,139.61919 : 35.80602,,,,
埼玉県（流域下水道・D001）,第04弾,2017/4/3,公益財団法人埼玉県下水道公社 中川支社,埼玉県三郷市番匠免3-2-2,電話：048-952-3351,9：00～17：00ただし、土日、祝日、年末年始はお休みです,139.86623 : 35.83674,,,,
埼玉県（流域下水道・E001）,第04弾,2017/4/3,公益財団法人埼玉県下水道公社 古利根川支社,埼玉県久喜市吉羽772-1,電話：0480-22-3819,9：00～17：00ただし、土日、祝日、年末年始はお休みです,139.6855 : 36.06641,,,,
埼玉県（流域下水道・F001）,第04弾,2017/4/3,埼玉県荒川上流水循環センター,埼玉県深谷市菅沼984,電話：048-583-7525,9：00～17：00ただし、土日、祝日、年末年始はお休みです,139.29265 : 36.13678,,,,
埼玉県（流域下水道・G001）,第04弾,2017/4/3,埼玉県市野川水循環センター,埼玉県比企郡滑川町大字月輪521-6,電話：0493-62-0410,9：00～17：00ただし、土日、祝日、年末年始はお休みです,139.35823 : 36.04559,,,,
埼玉県（流域下水道・H001）,第04弾,2017/4/3,埼玉県小山川水循環センター,埼玉県本庄市東五十子382-1,電話：0495-21-7997,9：00～17：00ただし、土日、祝日、年末年始はお休みです,139.2177 : 36.22858,,,,
埼玉県（流域下水道・I001）,第17弾,2023/1/28,イオンスタイル北戸田（1階サービスカウンター）,埼玉県戸田市美女木東1-3-1,電話：048-422-9700,9：00～22：00ただし、休業日を除きます,139.65303 : 35.82671,,,,
さいたま市(A001),第1弾,2016/4/1,浦和観光案内所,埼玉県さいたま市浦和区高砂1-16-12 アトレ浦和South Area,電話：048-883-1055,10:00～18:00　ただし、年末年始はお休みです,139.65707 : 35.85876,,,,
さいたま市(B001),第22弾,2024/4/26,さいたま新都心観光案内所,埼玉県さいたま市中央区上落合2（JRさいたま新都心駅東西自由通路内）,電話:048-600-0070,10:00～17:30ただし、年末年始はお休みです,139.62735 : 35.89043,,,,
川越市(A001),第04弾,2017/4/3,本川越駅観光案内所,埼玉県川越市新富町1丁目22本川越ペペ1階,（問い合わせ先）川越市上下水道局総務企画課電話：049-223-3063,9:00～17:00（年中無休）,139.4817 : 35.91463,,,,
川越市(B001),第17弾,2022/8/6,川越駅観光案内所,埼玉県川越市脇田町24-9,(問い合わせ先)川越市上下水道局総務企画課電話：049-223-3063,9:00～17:00(年中無休),139.48364 : 35.90688,,,,
熊谷市（A001）,第03弾,2016/12/1,【平日】熊谷市役所 上下水道部 下水道課【休日】熊谷市役所警備員室,【平日】埼玉県熊谷市宮町2-47-1【休日】埼玉県熊谷市宮町2-47-1,【平日】電話：048-524-1446【休日】電話：048-524-1111,【平日】8:30～17:15【休日】8:30～17:15ただし、年末年始はお休みです,139.38858 : 36.14713,139.38858 : 36.14713,,,
熊谷市（B001）,第10弾,2019/8/7,熊谷駅観光案内所,埼玉県熊谷市筑波2-115-1,電話：048-594-6677,9:00～18:00ただし、年末年始はお休みです,139.39052 : 36.13948,,,,
川口市,第6弾,2017/12/9,キュポ・ラ総合受付,埼玉県川口市川口1-1-1（2階）,電話：048-228-2111（問い合わせ先）川口市役所 下水道部電話：048-258-4132,10：00～13：00、14：00～17：00ただし、年末年始（12/29～1/3）はお休みです,139.71848 : 35.80074,,,,
行田市,第3弾,2016/12/1,【通常】行田市郷土博物館【博物館休館日】観光物産館ぶらっと♪ぎょうだ,【通常】埼玉県行田市本丸17-23【博物館休館日】埼玉県行田市忍2-1-8,【通常】電話：048-554-5911【博物館休館日】電話：048-554-1036（問い合わせ先）行田市下水道課電話：048-564-0303,【通常】9：00～16：00ただし、月曜日（祝日休日は開館）、祝日の翌日（土日は開館）、第4金曜日（テーマ展、企画展開催中は開館）、年末年始（12/28～1/3）はお休みですなお、臨時休館日もございますので、事前に左記HP、もしくは右記からご確認ください【博物館休館日】9：30～17：00ただし、年末年始（12/29～1/3）はお休みです。,139.45314 : 36.13772,139.45769 : 36.1403,,,
所沢市（A001）,第01弾,2016/4/1,【平日】所沢市上下水道局1階　お客様センター【土日祝日】所沢市上下水道局1階,埼玉県所沢市宮本町2-21-4,【平日】電話：04-2921-1022【土日祝日】夜間・総合窓口電話：04-2921-1100（問い合わせ先）下水道維持課電話：04-2921-1022,8：30～18：00,139.46043 : 35.79778,,,,
所沢市（B001）,第08弾,2018/8/11,【平日】所沢市役所別館　商業観光課【土日祝日】所沢市役所１階　夜間休日受付,【平日】埼玉県所沢市並木1-1【土日祝日】埼玉県所沢市並木1-1-1,【平日】電話：04-2998-9155【土日祝日】（問い合わせ先）下水道維持課電話：04-2921-1022,8：30～17：15,139.46796 : 35.79907,139.46796 : 35.79907,,,
所沢市(C001),第16弾,2022/1/15,野老澤町造商店,埼玉県所沢市元町21-18,（問い合わせ先）下水道維持課電話：04-2921-1022,10：00～17：30ただし、毎週水曜、木曜、祝日、年末年始はお休みです。※臨時休日もあるため、事前にHP等でご確認ください。,139.46552 : 35.79104,,,,
所沢市(D001),第16弾,2022/1/15,所沢市観光情報・物産館YOT－TOKO,埼玉県所沢市松郷143-3,（問い合わせ先）下水道維持課電話：04-2921-1022,9：00～17：00,139.50473 : 35.798,,,,
飯能市,第20弾,2023/7/28,一般社団法人奥むさし飯能観光協会事務局,埼玉県飯能市本町1番7号,電話:042-980-5051,9:00～17:00ただし、年末年始、施設点検日はお休みです,139.31647 : 35.85455,,,,
加須市,第23弾,2024/7/26,【月曜日～金曜日】加須市物産観光協会（加須市役所本庁舎２階 観光振興課内）【土曜日・日曜日】加須市上下水道部下水道課（加須市環境浄化センター内）,【月曜日～金曜日】埼玉県加須市三俣2-1-1【土曜日・日曜日】埼玉県加須市花崎2046番地,【月曜日～金曜日】電話:0480-62-1111【土曜日・日曜日】電話:0480-65-8981,【月曜日～金曜日】9：00～17：00【土曜日・日曜日】9：00～17：00,139.60179 : 36.1315,139.62035 : 36.10898,,,
本庄市(A001),第10弾,2019/8/7,【平日】本庄市役所庁舎下水道課【休日】本庄市役所休日窓口,埼玉県本庄市本庄3-5-3,電話：0495-25-1147【休日】電話：0495-25-1111,8：30～17：15,139.18971 : 36.24287,,,,
本庄市(B001),第13弾,2020/12/17,【通常】本庄早稲田の杜ミュージアム【休館日】本庄市役所文化財保護課,【通常】埼玉県本庄市西富田1011早稲田大学93号館１F【休館日】埼玉県本庄市本庄3-5-3,【通常】電話：0495-71-6878【休館日】電話：0495-25-1186（問合せ先）本庄市役所下水道課電話：0495-25-1147,【通常】本庄早稲田の杜ミュージアム9：00～16：30ただし、月曜日（休日の場合翌日）、年末年始（12/28～1/3）はお休みです【休館日】本庄市役所文化財保護課（本庄早稲田の杜ミュージアムの休館日に配布しますただし、年末年始（12/29～1/3）はお休みです）8：30～17：15,139.17397 : 36.21754,139.18971 : 36.24287,,,
狭山市,第7弾,2018/4/28,狭山市市民交流センター2F 総合案内,埼玉県狭山市入間川1丁目3-1,電話：04-2954-2111（問い合わせ先）狭山市役所 上下水道部 経営課 経営担当電話：04-2953-1111（内線2721・2722）,8：00～22：00ただし、年末年始（12/29～1/3）、施設点検日はお休みです,139.41225 : 35.85805,,,,
羽生市,第6弾,2017/12/9,羽生市三田ヶ谷農林公園　キヤッセ羽生「ムジナモ市場」,埼玉県羽生市大字三田ヶ谷1725,電話：048-565-5255（問い合わせ先）羽生市まちづくり部下水道課電話：048-565-1551,10：00～17：00ただし、年末年始はお休みです,139.60431 : 36.17293,,,,
鴻巣市(A001),第11弾,2019/12/14,【水曜日以外】鴻巣市産業観光館「ひなの里」【水曜日】鴻巣市上下水道部下水道課,【水曜日以外】埼玉県鴻巣市人形1-4-20【水曜日】埼玉県鴻巣市中央1-1,【水曜日以外】電話：048-540-3333【水曜日】電話：048-541-1321,【水曜日以外】9:00～17:00【水曜日】8:30～17:15ただし、年末年始（12/28～1/3）はお休みです,139.51788 : 36.05283,139.52129 : 36.06676,,,
鴻巣市(B001),第20弾,2023/7/28,【火曜日以外】コウノトリ野生復帰センター「天空の里」【火曜日】鴻巣市上下水道部下水道課,【火曜日以外】埼玉県鴻巣市明用632【火曜日】埼玉県鴻巣市中央1-1,【火曜日以外】電話:048-594-6311【火曜日】電話:048-541-1321,【火曜日以外】9:00～16:45（3月～10月）9:00～16:00（11月～2月）【火曜日】8:30～17:15ただし、年末年始（12月29日から1月3日）はお休みです,139.4525 : 36.0862,139.52129 : 36.06676,,,
深谷市(A001),第19弾,2023/4/28,深谷テラスパーク管理棟事務所,埼玉県深谷市花園114,電話:048-579-2022,9:00~17:00ただし、年末年始はお休みです,139.28146 : 36.19747,,,,
深谷市(B001),第23弾,2024/7/26,道の駅おかべ　ふるさと物産センター,埼玉県深谷市岡部688-1,電話:048-585-5001,10：00～17：00,139.24648 : 36.19495,,,,
上尾市(A001),第5弾,2017/8/1,上尾市役所上下水道部 下水道施設課,埼玉県上尾市大字上尾村1157番地(上下水道部庁舎2階),電話：048-775-9372,8：30〜17：00※ただし、土日、祝日、年末年始はお休みです,139.59644 : 35.98249,,,,
上尾市(B001),第12弾,2020/4/25,あげお お土産・観光センター,埼玉県上尾市宮本町3-2-207（A-geoタウン2階）,電話：048-780-2266,10：30〜18：30ただし、月曜日、年末年始はお休みです。※月曜日が祝日の場合は、翌日以降の平日がお休みです。※大雪や台風等の悪天候等諸事情により臨時休館する場合があります,139.5898 : 35.97445,,,,
草加市（A001）,第8弾,2018/8/11,草加宿芭蕉庵,埼玉県草加市神明二丁目145番地1,（問い合わせ先）草加市上下水道部下水道課電話：048-922-2286,10：30～15：30ただし、月曜日（祝祭日の場合は翌日）、年末年始（12/29～1/3）はお休みです,139.80833 : 35.83538,,,,
草加市（B001）,第9弾,2018/12/14,伝統産業展示室『ぱりっせ』,埼玉県草加市松江一丁目1番5号,電話：048-931-1970（問い合わせ先）草加市　上下水道部　下水道課電話：048-922-2286,10：00～17:00ただし、第1水曜日、G・W（5/3～5）、お盆（8/13～15）、年末年始（12/29～1/4）はお休みです,139.80542 : 35.84402,,,,
越谷市（A001）,第03弾,2016/12/1,市民活動支援センター,埼玉県越谷市弥生町16番1号 越谷ツインシティBシティ5階,電話:048-969-2750,9:00~21:30ただし年末年始(12/29~1/3)はお休みです,139.78658 : 35.88897,,,,
越谷市（B001）,第04弾,2017/4/3,観光物産拠点施設「ガーヤちゃんの蔵屋敷」,埼玉県越谷市弥生町505-2（東武スカイツリーライン越谷駅東口高架下）,電話：048-940-5550,10：00～19：00ただし、月2回、年末年始（12/31〜1/2）はお休みです※不定休のため電話にて要確認,139.78658 : 35.88897,,,,
越谷市(C001),第18弾,2023/1/28,越谷市観光協会,埼玉県越谷市レイクタウン4-1-4（越谷レイクタウン水辺のまちづくり館内）,電話：048-971-9002(問合せ先)越谷市農業技術センター電話：048-969-0120※ただし、問合せの受付は平日8:30~17:15です,9：00～17：00ただし、毎週水曜日（祝日は除く）、年末年始（12/29～1/3）はお休みです,139.82506 : 35.88071,,,,
戸田市(A001),第04弾,2017/4/3,【平日】戸田市役所 新曽南庁舎 4階【土日祝】さくらパル,【平日】埼玉県戸田市新曽南3-1-5【土日祝】埼玉県戸田市新曽南3-1-5新曽南庁舎2階,【平日】電話：048-229-4673【土日祝】電話：048-229-1061,【平日】8:30〜17:15【土日祝】9:00〜19:00（さくらパルの休館日等は除く）ただし、12月29日～1月3日はお休みです,139.66977 : 35.80719,139.66977 : 35.80719,,,
戸田市(B001),第23弾,2024/7/26,戸田市観光情報館トビック,埼玉県戸田市本町４丁目１５番１１号戸田公園駅前行政センター２階,電話:048-420-9794,【平日】10：00～20:00【土日祝日】9:00～17:30ただし、12月29日～1月3日はお休みですまた、施設の事情で休館する場合があります,139.67767 : 35.8079,,,,
入間市(A001),第18弾,2023/1/28,【平日】入間市役所上下水道部上下水道経営課【休日】埼玉県入間市役所守衛室,埼玉県入間市豊岡1-16-1,電話：04-2964-1111,9：00～17：00,139.38956 : 35.83583,,,,
入間市(B001),第19弾,2023/4/28,入間市博物館ALIT（アリット）,埼玉県入間市二本木10,0電話:04-2934-7711（問合せ先）入間市役所上下水道部上下水道経営課電話:04-2964-1111,9：00～17：00ただし、月曜日（その日が祝日または振替休日の場合はその翌日）、祝日の翌日（その日が土・日曜日または、祝日である場合は除く）、年末年始（12月27日～1月5日）、館内整理日（毎月第4火曜日。ただし、祝日である場合は除く）はお休みです,139.35799 : 35.79721,,,,
志木市,第18弾,2023/1/28,志木市民会館,埼玉県志木市本町1-11-50,電話：048-474-3030(問合せ先)志木市水道庁舎電話：048-473-1299,8:30～22:00,139.57787 : 35.83081,,,,
桶川市(A001),第12弾,2020/4/25,桶川市観光協会,埼玉県桶川市寿1-11-19,電話:048-778-3567(問合せ先)桶川市下水道課電話:048-786-3211,9:00～16:00ただし、年末年始(12/29〜1/3)はお休みです,139.56381 : 36.00191,,,,
桶川市(B001),第18弾,2023/1/28,中山道宿場館,埼玉県桶川市寿1-11-19,電話：048-778-3567(問合せ先)桶川市下水道課電話：048-786-3211,9:00～16:00ただし、年末年始はお休みです,139.56381 : 36.00191,,,,
久喜市(A001),第13弾,2020/12/17,【平日】久喜市鷲宮行政センター下水道施設課【休日】久喜市鷲宮行政センター警備員室,埼玉県久喜市鷲宮6丁目１-１,電話：0480-58-1111,8：30～17：15,139.66737 : 36.10058,,,,
久喜市(B001),第16弾,2022/1/15,【平日】久喜市栗橋行政センター 1階 総務・人権係【土日祝】久喜市栗橋行政センター 警備員室（正面玄関を入って右側）,埼玉県久喜市間鎌251番地1,電話：0480-53-1111,8：30～17：15,139.69658 : 36.1262,,,,
北本市,第9弾,2018/12/14,北本市観光協会　観光情報発信館,埼玉県北本市西高尾1-249,電話048-591-1473,9：00～17：00　ただし土曜日・GW・年末年始は休み【日曜・祝日】9：00～16：00※施設の事情で休館する場合があります,139.52969 : 36.03002,,,,
富士見市,第12弾,2020/4/25,【平日】富士見市役所下水道課【土日祝日】富士見市民文化会館　キラリ☆ふじみ,【平日】埼玉県富士見市大字鶴馬1800番地の1【土日祝日】埼玉県富士見市大字鶴馬1803番地の1,【平日】電話：049-251-2711（内線431）【土日祝日】電話：049-268-7788,【平日】8：30～17：15【土日祝日】9：00～21：00ただし、年末年始はお休みです,139.54915 : 35.85664,139.55034 : 35.85751,,,
三郷市,第9弾,2018/12/14,ららほっとみさと,埼玉県三郷市新三郷ららシティ3丁目1-1 ららぽーと新三郷館内（南モール1F）,電話： 048-959-7045(問い合わせ先)三郷市下水道課電話： 048-930-7825,配布場所の営業時間内に配布します。【平日】10：00～20：00【土日祝】10：00～21：00※最新の営業時間は配布場所HPをご確認ください。,139.86432 : 35.8613,,,,
蓮田市,第22弾,2024/4/26,【木曜日、祝日以外】蓮田駅西口行政センター【木曜日、祝日】中央公民館,【木曜日、祝日以外】埼玉県蓮田市本町6番1号プレックス蓮田2階【木曜日、祝日】埼玉県蓮田市東6丁目1番8号,【木曜日、祝日以外】電話:048-764-5111【木曜日、祝日】電話:048-769-2002（問合せ先）蓮田市上下水道部下水道課電話:048-768-1111,【木曜日、祝日以外】8.30～17：15ただし、年末年始はお休みです【木曜日、祝日】9:00～17:00※蓮田駅西口行政センターの休所日のみこちらで配布しますただし、年末年始はお休みです,139.65283 : 35.98275,139.65225 : 35.97935,,,
坂戸市,第8弾,2018/8/11,石井水処理センター,埼玉県坂戸市大字石井1336-1,電話：049-283-1101,9：00～17：00,139.41476 : 35.97242,,,,
日高市(A001),第8弾,2018/8/11,【平日】日高市浄化センター【休日】日高市役所,【平日】埼玉県日高市大字高萩1385番地1【休日】埼玉県日高市大字南平沢1020番地,【平日】電話：042-989-2771【休日】電話：042-989-2111,8：30～17：15,139.38853 : 35.90338,139.33904 : 35.90754,,,
日高市(B001),第14弾,2021/4/25,高麗公民館,埼玉県日高市大字栗坪92番地２,電話:042-989-2381（年末年始１２月２９日～１月３日を除く）(問合せ先)日高市浄化センター電話:042-989-2771（土日祝日を除く),8：30～17：00ただし、年末年始（12月29日～1月3日）はお休みです,139.31569 : 35.88663,,,,
吉川市,第05弾,2017/8/1,ラッピーランド,埼玉県吉川市木売1-7-17,電話：048-983-7020,10:00～17:00ただし、年末年始(12/29～1/3)はお休みです,139.843976 : 35.876762,,,,
ふじみ野市,第6弾,2017/12/9,【平日】ふじみ野市役所 上下水道課【土日祝】ふじみ野ステラ・ウェスト,【平日】埼玉県ふじみ野市福岡1-1-1（第二庁舎）【土日祝】埼玉県ふじみ野市大井中央2-1-8,【平日】電話：049-220-2075【土日祝】049-261-0648,【平日】9：00～17：00ただし、月曜日が祝日の場合、年末年始（12/28～1/3）はお休みです【土日祝】9：00〜17：00,139.51956 : 35.87875,139.50764 : 35.8589,,,
白岡市,第07弾,2018/4/28,【月曜以外】しらおか味彩センター【月曜日のみ】白岡市役所 商工観光課窓口,【月曜以外】埼玉県白岡市千駄野398【月曜日のみ】埼玉県白岡市千駄野432,【月曜以外】電話：0480-93-9800【月曜日のみ】電話：0480-92-1111（問い合わせ先）白岡市役所上下水道部上下水道課電話：0480-92-1645,【月曜以外】9：30～15：30　※月曜が祝日の場合は配布可【月曜のみ】8：30～17：15ただし、年末年始はお休みです※しらおか味彩センターは不定休があるため、ご確認ください,139.67743 : 36.01783,139.67651 : 36.01874,,,
伊奈町,第10弾,2019/8/7,【通常】伊奈町総合センター【休館日】伊奈町上下水道庁舎,【通常】埼玉県北足立郡伊奈町中央五丁目179番地【休館日】埼玉県北足立郡伊奈町大字小室5048,【通常】電話：048-722-9111【休館日】電話：048-721-5555,【通常】9:00～17:00（12:00～13:00を除く）ただし、月曜は休館日です※臨時休館日の場合がありますので、来館の際は事前にご確認ください【休館日】9:00～17:00（12:00～13:00を除く）ただし、年末年始及び土日祝日はお休みです,139.61986 : 35.99894,139.61739 : 35.99552,,,
滑川町,第24弾,2024/12/20,【平日】滑川町役場上下水道課【土日祝日】滑川町役場警備員室,埼玉県比企郡滑川町大字福田750番地1,【平日】電話:0493-56-2231【土日祝日】電話:0493-56-2211,9:00～16:00ただし、年末年始(12月28日～1月5日)はお休みです,139.36009 : 36.06587,,,,
小川町,第22弾,2024/4/26,小川町観光案内所「むすびめ」,埼玉県比企郡小川町大字大塚1176-5,電話:0493-74-1515,13:30～16:00ただし、年末年始（12月29日〜1月3日）はお休みです,139.26041 : 36.05864,,,,
川島町,第11弾,2019/12/14,【平日】一般社団法人さまちか事務所【土日・祝日】川島町役場本庁舎　日直,【平日】埼玉県比企郡川島町大字下八ツ林923コミュニティセンター２階【土日・祝日】埼玉県比企郡川島町大字下八ツ林870-1,【平日】電話：049-298-3377【土日・祝日】電話：049-297-1811,9:00～17：00ただし、年末年始（12/29〜1/3）はお休みです,139.48456 : 35.99149,139.48456 : 35.99149,,,
吉見町,第3弾,2016/12/1,吉見百穴,埼玉県比企郡吉見町大字北吉見324,電話：0493-54-4541,8：30～17：00（年中無休）,139.42213 : 36.03945,,,,
寄居町,第7弾,2018/4/28,寄居駅南口駅前拠点施設Yotteco,埼玉県大里郡寄居町大字寄居１２３１番地１１,（問い合わせ先）寄居町役場 上下水道課電話：048-581-2121（内線268）,9：00～1７：00ただし、年末年始、臨時休館日はお休みです。,139.19437 : 36.11658,,,,
宮代町,第12弾,2020/4/25,【月曜日以外(月曜日が祝日の場合は配布）】新しい村【月曜日（祝日を除く）】宮代町上下水道事務所,【月曜日以外(月曜日が祝日の場合は配布）】埼玉県南埼玉郡宮代町字山崎777-1【月曜日（祝日を除く）】埼玉県南埼玉郡宮代町字宮東51,【月曜日以外(月曜日が祝日の場合は配布）】電話:0480-36-3441【月曜日（祝日を除く）】電話:0480-33-5554(問合せ先)宮代町上下水道事務所0480-33-5554,【新しい村】9：30～17：00ただし、月曜日はお休みです月曜日が祝日の場合は配布します【上下水道事務所】8：30～17：15月曜日（新しい村の休業日）に配布しますただし、年末年始はお休みです,139.71996 : 36.01767,139.73909 : 36.01271,,,
流域下水道,第21弾,2023/12/15,千葉県立現代産業科学館,千葉県市川市鬼高1-1-3047-379-2000,（問合せ先）千葉県県土整備部下水道課（土日祝日は応対不可）電話:043-223-4335,9:00～16:30ただし、月曜日（祝日または振替休日の場合は開館し、その翌日休館）、年末年始、臨時休館日（必ず事前にホームページを参照ください）,139.93266 : 35.71503,,,,
千葉市(A001),第6弾,2017/12/9,千葉市観光情報センター,千葉県千葉市中央区新千葉1-1-1,電話：043-224-3939,【平日】10：00～18：00【休日】10：00～17：00ただし、年末年始（12/28～1/3）はお休みです,140.11414 : 35.61295,,,,
千葉市(B001),第14弾,2021/4/25,千葉市幕張観光情報センター,千葉県千葉市美浜区ひび野2-110ＪＲ海浜幕張駅構内,(問合せ先）千葉市建設局下水道企画部下水道営業課電話：043-245-5411,【平日】10：00～18：00【休日】10：00～17：00ただし、年末年始12月28日～1月3日）はお休みです,140.04126 : 35.64552,,,,
銚子市,第7弾,2018/4/28,銚子観光案内所,千葉県銚子市西芝町1438（JR銚子駅構内）,電話：0479-22-1544（問い合わせ先）銚子市水道局下水道室電話：0479-22-8825,9：00～17：00（年中無休）,140.82793 : 35.72955,,,,
市川市(A001),第04弾,2017/4/3,【平日】市川市役所　下水道経営課【土日祝】いちかわ観光物産インフォメーション,【平日】千葉県市川市南八幡２−２０−２【土日祝】千葉県市川市八幡２－４－８,【平日】電話：047-712-6482【土日祝】お問い合わせは上記の下水道経営課までお願いします,【市川市役所】9:00～17:00ただし、土日、祝日、年末年始はお休みです【いちかわ観光物産インフォメーション】10:00～16:00(休所日)毎月第1月曜日（祝日にあたるときは直後の平日）年末年始詳細はHPをご確認ください,139.92729 : 35.71372,,,,
市川市(B001),第18弾,2023/1/28,市川市観賞植物園,千葉県市川市大町213番11外,(問合せ先)市川市下水道経営課電話：047-712-6482,9:30～16:30※毎週月曜日（祝日と重なった場合は翌日）、年末年始はお休みです,139.97166 : 35.76908,,,,
市川市(C001),第20弾,2023/7/28,市川市行徳図書館２階,千葉県市川市末広1丁目1番31号,（問合せ先）市川市下水道経営課電話:047-712-6482,10：00～16：30ただし、毎週月曜日（祝日と重なった場合は翌開館日）、年末年始、館内整理日等はお休みです※詳細は図書館のHPをご確認ください。,139.9175 : 35.68631,,,,
市川市(D001),第23弾,2024/7/26,市川市中央図書館,千葉県市川市鬼高１丁目１番４号　生涯学習センター内,（問合せ先）市川市下水道経営課電話:047-712-6482,10：00～19：30（休館日を除く）※土日祝は18：00までとなりますただし、毎週月曜日（祝日の場合、翌開館日に振替）、館内整理日（土曜・日曜・月曜を除く月末）、蔵書点検期間、年末年始（12月28日から1月4日）はお休みです※詳細は開館カレンダーを確認ください,139.93266 : 35.71503,,,,
船橋市,第2弾,2016/8/1,【平日】船橋市建設局 下水道部下水道河川計画課（本庁舎5階）【休日】船橋市役所　警備員室（本庁舎地下1階）,千葉県船橋市湊町2-10-25,電話：047-436-2662（下水道河川計画課）,8：45～17：15,139.98221 : 35.69424,,,,
館山市(A001),第11弾,2019/12/14,館山駅東口観光案内所,千葉県館山市北条1879-2,電話：0470-22-2000,9：00～16：45ただし、年末年始及び毎月最終月曜日（祝祭日の場合は翌日）はお休みです※令和4年1月15日より下記に変更します9:00～17：00ただし、年末年始（12/29～1/3）は10：00～16：00の配布となります,139.86226 : 34.99627,,,,
館山市(B001),第16弾,2022/1/15,“渚の駅”たてやま,千葉県館山市館山1564-1,電話：0470-22-3606(問合せ先)館山市建設環境部下水道課電話：0470-22-3674,9：00～16：45ただし、年末年始，毎月最終月曜日（祝祭日の場合は翌日）はお休みです,139.85326 : 34.98821,,,,
木更津市,第10弾,2019/8/7,木更津市観光案内所,千葉県木更津市富士見1丁目2番1号,電話：0438-22-7711（問い合わせ先）木更津市役所下水道推進課電話：0438-37-9503,9：00～17：00ただし、年末年始はお休みです,139.92497 : 35.38117,,,,
松戸市(A001),第10弾,2019/8/7,松戸観光案内所,千葉県松戸市本町7-3,電話：047-703-1100（問い合わせ先）松戸市役所建設部下水道経営課電話：047-710-3082,9：30～17：30ただし、月曜日（月曜日が祝・休日の場合は翌日定休日）と年末年始はお休みです,139.89821 : 35.78467,,,,
松戸市(B001),第17弾,2022/8/6,松戸市文化ホール,千葉県松戸市松戸1307番地の1松戸ビルヂング4階,電話：047-367-7810(問合せ先)松戸市役所下水道経営課電話：047-710-3082,10:00～21:00ただし、月曜日、年末年始（12/29日～1/3）はお休みです,139.89893 : 35.78232,,,,
野田市(A001),第09弾,2018/12/14,【平日】野田市役所土木部下水道課【休日】野田市役所守衛室,千葉県野田市鶴奉7番地の1,電話：04-7125-1111,8：30～17：15,139.8741 : 35.95577,,,,
野田市(B001),第18弾,2023/1/28,千葉県立関宿城博物館,千葉県野田市関宿三軒家143-4,(問合せ先)野田市役所下水道課電話：04-7199-4353,9:00～16:30ただし、月曜日（祝祭日にあたるときは直後の平日）、年末年始はお休みです。また、臨時休館日がありますのでＨＰを確認してください。,139.78413 : 36.10040,,,,
野田市(C001),第21弾,2023/12/15,いちいのホール,千葉県野田市東宝珠花237番地1,【平日】1F　道路サービス課（関宿）電話:04-7198-1127【土日祝日】2F　せきやど図書館電話:04-7198-4946（問合せ先）野田市役所下水道課電話:04-7199-4353,【平日】8：30～17：15【土日祝日】9：00～17：00ただし、年末年始（12/29～1/3）はお休みです,139.82048 : 36.02624,,,,
佐倉市(A001),第16弾,2022/1/15,佐倉市立美術館,千葉県佐倉市新町210,電話：043-485-7851,10：00～17：30（入館は17:30まで）ただし、月曜日（祝日の場合は翌日）及び年末年始（12/28～1/4）はお休みです,140.22984 : 35.71915,,,,
佐倉市(B001),第22弾,2024/4/26,佐倉ふるさと広場管理棟「佐蘭花（さらんか）（売店内）」,千葉県佐倉市臼井田2714,電話:043-486-8898（問合せ先）（公社）佐倉市観光協会電話:043-486-6000,9:00～17:00（11月～2月は9:00～16:00）ただし、年末年始はお休みです,140.20207 : 35.74054,,,,
東金市,第24弾,2024/12/20,道の駅みのりの郷東金,千葉県東金市田間1300-3,電話:0475-53-3615（問合せ先）東金市都市建設部下水対策課電話:0475-50-1163,9：00～18：00ただし、1/1～1/3はお休みですまた、臨時休業があります,140.38492 : 35.57693,,,,
習志野市(A001),第03弾,2016/12/1,習志野市企業局工務部下水道課,千葉県習志野市藤崎1-1-13（企業局新館3階）,電話：047-477-5351,8：30～17：15ただし、土日、祝日、年末年始はお休みです,140.03212 : 35.68679,,,,
習志野市(B001),第24弾,2024/12/20,習志野市谷津干潟自然観察センター,千葉県習志野市秋津5丁目1番1号,電話:047-454-8416,9:00-16:30ただし、毎週月曜日（月曜日が祝・休日の場合は翌平日）及び年末年始（12月28日～1月1日）はお休みです,140.00504 : 35.67561,,,,
柏市,第02弾,2016/8/1,kamonかしわインフォメーションセンター,千葉県柏市柏1-1-11 ファミリかしわ3階,電話：04-7128-5610,9:00～19:00年末年始及び臨時休館日はお休みです詳しくは施設のサイトでご確認ください,139.97092 : 35.86163,,,,
市原市,第11弾,2019/12/14,上総更級公園　公園センター,千葉県市原市更級5丁目1番地1,電話：0436-20-3555(問合せ先)市原市上下水道部下水道計画課電話：0436-23-9042,9:00～17：00ただし、12/31、1/1はお休みです,140.09868 : 35.5108,,,,
流山市,第9弾,2018/12/14,流山おおたかの森駅前観光情報センター（スターツおおたかの森ホール2階）,千葉県流山市おおたかの森北1-2-1,(問い合わせ先)流山市上下水道局下水道建設課電話：04-7150-6097,9時～17時（平日および土日祝祭日を含みます）,139.92499 : 35.87295,,,,
八千代市,第7弾,2018/4/28,【平日】八千代市上下水道局1階給排水相談課窓口,千葉県八千代市大和田新田312-5,電話：047-483-6155【土日祝】株式会社八千代市水道サービス千葉県八千代市萱田町596-19（八千代市上下水道局敷地内）電話：047-485-6656(問合せ先)八千代市上下水道局 下水道課電話：047-482-0924,9：00～17：00ただし、年末年始（12/29～1/3）はお休みです,140.09937 : 35.72227,,,,
我孫子市,第13弾,2020/12/17,アビシルベ,千葉県我孫子市本町2丁目1番10号,電話：04-7100-0014,9:00-18:00ただし、年末年始(12/29-1/3)はお休みです,140.01131 : 35.87257,,,,
鎌ケ谷市,第2弾,2016/8/1,鎌ケ谷市役所 都市建設部 下水道課,千葉県鎌ケ谷市新鎌ケ谷2-6-1（鎌ケ谷市役所4階）,電話：047-445-1141,8：30～17：15ただし、土日、祝日、年末年始はお休みです,140.00061 : 35.77674,,,,
浦安市,第12弾,2020/4/25,【平日】浦安市役所道路整備課（市役所6階）,千葉県浦安市猫実1-1-1,電話:047-351-1111【休日】浦安市観光インフォメーション マーレ（新浦安駅）千葉県浦安市入船1-2-1電話:047-354-5111,【平日】9:00～17:00祝日除く月曜日から金曜日に配布します【休日】9:30～17:00祝日含む月曜日から日曜日に配布しますただし、年末年始はお休みです,139.90201 : 35.65373,,,,
袖ケ浦市,第06弾,2017/12/9,【平日】袖ケ浦市役所 下水対策課,千葉県袖ケ浦市中袖４番地（袖ケ浦終末処理場　管理棟２階）,電話：0438-62-3651【休日】袖ケ浦市役所　守衛室千葉県袖ケ浦市坂戸市場１番地１（袖ケ浦市役所　南庁舎1階）,【平日】8：30～17：15【休日】9：00～17：00,139.98068 : 35.45482,,,,
白井市,第8弾,2018/8/11,【平日】白井市役所 都市建設部 上下水道課業務係【休日】白井市役所 本庁舎1階守衛室,千葉県白井市復1123番地,電話：047-492-1111,8：30～17：15,140.05589 : 35.79148,,,,
大網白里市,第20弾,2023/7/28,大網白里市中央公民館,千葉県大網白里市大網121番地2,電話:0475-72-0698（問合せ先）大網白里市下水道課電話:0475-77-5575,8：30～17：15ただし、国民の祝日、年末年始（12月29日から1月3日）はお休みです,140.31769 : 35.52343,,,,
長生村,第21弾,2023/12/15,【平日】長生村役場下水環境課【土日祝日】長生村文化会館,【平日】千葉県長生郡長生村本郷1番地77【土日祝日】千葉県長生郡長生村岩沼2119番地,【平日】電話:0475-32-2494【土日祝日】電話:0475-32-5100,9:00～16:30（平日・土日祝日共通）ただし、年末年始（12/28～1/3）はお休みです,140.35039 : 35.41536,140.35095 : 35.40414,,,
流域下水道,第13弾,2020/12/17,東京観光情報センター多摩,東京都立川市柴崎町3-1-1「エキュート立川」3階,電話：042-527-4281(問合せ先)東京都下水道局流域下水道本部管理課（平日のみ）電話：042-527-4281※東京観光情報センター多摩へのお問い合わせはご遠慮ください。,【平日・土】10：00～21：30【日・祝日】10：00〜20：00※ただし、エキュート立川の営業時間に応じて変更する場合があります。,139.41368 : 35.69767,,,,
東京23区（A001）,第01弾,2016/4/1,ぜにがめプレイス（アナザー・ジャパン）,東京都千代田区大手町二丁目6番3号銭瓶町ビルディング1F,電話：03-6262-1384(問合せ先)東京都下水道局総務部広報サービス課電話：03-5320-6515,10:00～19:00,139.76945 : 35.68487,,,,
東京23区（B001）,第04弾,2017/4/3,東京都虹の下水道館,東京都江東区有明2-3-5（有明水再生センター5階）,電話：03-5564-2458,9：30～16：30（入館は16：00まで）※入館無料ただし、月曜日（祝休日の場合は翌日）、年末年始（12/29～1/3）はお休みですまた、夏休み期間は無休、下水道の日（9/10）、都民の,139.78412 : 35.63304,,,,
東京23区（C001）,第05弾,2017/8/1,東京観光情報センター京成上野,東京都台東区上野公園1-60 京成上野駅改札口前,(問合せ先)東京都下水道局総務部広報サービス課（平日のみ）電話：03-5320-6515※東京観光情報センター京成上野へのお問い合わせはご遠慮ください。,8：00～18：30,139.77353 : 35.71254,,,,
東京23区（D001）,第05弾,2017/8/1,柴又観光案内所（葛飾区観光協会）,東京都葛飾区柴又7丁目1-5,電話：03-5876-7332,9：30～16：30,139.87625 : 35.75709,,,,
東京23区（E001）,第09弾,2018/12/14,しながわ観光協会,東京都品川区大井1-14-1　大井1丁目共同ビル1階,電話：03-5743-7642,9：30～17：00ただし、日・祝日、年末年始はお休みです,139.73161 : 35.60756,,,,
東京23区(M001),第12弾,2020/4/25,info & cafe SQUARE,東京都品川区荏原4-5-28　スクエア荏原1F,電話:03-3783-7200,11：00～18：00ただし、水曜・年末年始はお休みです,139.70793 : 35.61526,,,,
東京23区(N001),第14弾,2021/4/25,【通常】丸吉玩具店【臨時休業】テクノプラザかつしか,【通常】東京都葛飾区立石1-21-2【臨時休業】東京都葛飾区青戸7-2-1,（問合せ先）葛飾区観光課（平日のみ）電話：03-3838-55582【臨時休業】電話：03-3838-5555,12：00～17：00※臨時休業の場合がございます。その際にはテクノプラザかつしか（葛飾区青戸7丁目2-1）で配布を行います。,139.84959 : 35.7377,139.85204 : 35.75319,,,
東京23区(C101),第16弾,2022/1/15,西武バス大泉学園駅北口案内所,東京都練馬区東大泉1-28-1グランエミオ大泉学園1F(問合せ先)練馬区商工観光課観光係電話：03-5984-1032,【平日】10：00～20：00【土日祝】10：00～18：00,こちらからご確認ください,139.58746 : 35.74943,,,,
東京23区(D101),第17弾,2022/8/6,国指定重要文化財 旧三河島汚水処分場喞筒場施設,東京都荒川区荒川8-25-1,電話：03-6458-3940(問合せ先)東京都下水道局総務部広報サービス課電話：03-5320-6515,9：30～16：30（平日：火、金、年末年始を除く）、土日、祝日に左記施設の見学をされた方（要事前申込）に配布します※施設見学は事前に予約が必要です,139.78897 : 35.74152,,,,
東京23区(E101),第19弾,2023/4/28,東映アニメーションミュージアムショップ,東京都練馬区東大泉2-10-5,（問合せ先）練馬区商工観光課観光係電話:03-5984-1032,11:00～17:00（毎週水曜日、その他不定休を除く）,139.59521 : 35.75226,,,,
東京23区(F101),第20弾,2023/7/28,渋沢×北区 飛鳥山おみやげ館,東京都北区西ケ原2-16飛鳥山公園管理事務所内,電話:080-4787-9842（問合せ先）東京都北区政策経営部シティブランディング戦略課電話:03-3908-1364,【平日】（3月～11月）11：00～16：30（12月～2月）11：00～16：00【休日】（3月～11月）11：00～17：00(12月～2月) 11：00～16：30ただし、月曜日（祝日の場合は翌平日）はお休みです,139.73987 : 35.74978,,,,
東京23区(G101),第22弾,2024/4/26,港区観光インフォメーションセンター（札の辻スクエア）,東京都港区芝五丁目36番4号　札の辻スクエア1階,（問合せ先）東京都港区産業・地域振興支援部産業振興課シティプロモーション担当電話:03-6435-4673,9：00～17：00ただし、建物全体の閉館日はお休みです,139.7449 : 35.64486,,,,
東京23区(I101),第22弾,2024/4/26,いたばし観光センター,東京都板橋区板橋3-14-15,電話:03-3963-5078休館日：毎週火曜日（祝日の場合はその翌平日）、年末年始なお、休館日（年末年始を除く）は、板橋区産業経済部くらしと観光課東京都板橋区板橋2-65-6情報処理センター6階電話:03-3579-2251,【いたばし観光センター】9：00～17：00（土日祝日も配布）ただし、火曜日（祝日の場合はその翌平日）、年末年始はお休みです。なお、いたばし観光センターの休館日は、板橋区くらしと観光課窓口で配布します。9：00～17：00ただし、年末年始はお休みです。,139.71231 : 35.75128,,,,
東京23区(H101),第22弾,2024/4/26,赤羽スポーツの森公園競技場,東京都北区赤羽西5-2-27,電話:03-5948-9281（問合せ先）東京都北区政策経営部シティブランディング戦略課電話:03-3908-1364,9：00～18：00ただし、毎月第3火曜日（祝日の場合は翌営業日）、年末年始はお休みです,139.71022 : 35.7728,,,,
東京23区(J101),第24弾,2024/12/20,荒川知水資料館 amoa,東京都北区志茂 5-41-1,電話:03-3903-1383,【平日】9:30-16:00【土日祝日】10:00-16:00※4-10月は16:30までただし、月曜日（祝日の場合は翌平日）、年末年始はお休みです,139.73097 : 35.78548,,,,
東京23区(K101),第24弾,2025/1/16,荻外荘公園受付,東京都杉並区荻窪2丁目43番36号,（問合せ先）杉並区産業振興センター観光係電話:03-5347-9184,9：00～17：00（最終入園：16:30）ただし、水曜日、年末年始（12月29日から1月1日）はお休みです,139.62213 : 35.69905,,,,
東京23区(Z001),第15弾,2021/8/17,田端文士村記念館,東京都北区田端6-1-2,電話：03-5685-5171（問合せ先）東京都北区政策経営部シティブランディング戦略課電話：03-3908-1364,10:00〜16:30ただし、月曜日(月曜が祝日の場合は火曜と水曜)、祝日の翌日(祝日の翌日が土日の場合は翌週火曜)および年末年始(12/29〜1/3)はお休みです。その他、展示替え等で臨時休館することがあります。,139.75934 : 35.73816,,,,
東京23区(A101),第15弾,2021/8/17,ねりま観光案内所,東京都練馬区練馬1-17-1　Coconeri3階,電話：03-3991-8101（問合せ先）練馬区　商工観光課　観光係電話：03-5984-1032,9：00～21：00ただし、年末年始（12/29～1/3）はお休みです,139.65359 : 35.73934,,,,
東京23区(B101),第15弾,2021/8/17,テクノプラザかつしか,東京都葛飾区青戸7-2-1,電話：03-3838-5555（問合せ先）葛飾区観光課（平日のみ）電話：03-3838-5558,8：30～18：00ただし、年末年始およびメンテナンス休館日（年4日間）はお休みです,139.85204 : 35.75319,,,,
東京都千代田区(F001),第12弾,2020/3/9,千代田区観光案内所（観光協会内）,東京都千代田区九段南1-6-17,電話：03-3556-0391(問合せ先)千代田区商工観光課電話：03-5211-3650,10:00～18:00ただし、毎月第４日曜日はお休みです,139.75159 : 35.69438,,,,
東京都新宿区(O001),第15弾,2021/11/5,新宿観光案内所,東京都新宿区新宿3-37-2,（問合せ先）新宿区文化観光産業部文化観光課電話：03-5273-4069,10:00～19:00ただし、年末年始(12/29～1/3)はお休みです,139.70146 : 35.69019,,,,
東京都台東区(Q001),第15弾,2021/11/5,台東区生涯学習センター,東京都台東区西浅草3-25-16,(問合せ先)台東区文化産業観光部観光課電話：03-5246-1151,9:00～20:00ただし、毎月第１・第３・第５月曜日（祝日・休日にあたる場合は翌日）、年末年始（12/29～1/3）はお休みです。,139.79008 : 35.71705,,,,
東京都墨田区(R001),第15弾,2021/11/5,両国観光案内所,東京都墨田区横網1-3-20 -両国-江戸NOREN(1階),(問合せ先)墨田区産業観光部観光課電話：03-5608-6500,10:00～18:00ただし、年始(1月1日・2日)及び施設点検日（不定期）はお休みです,139.792653 : 35.696216,,,,
東京都品川区(S001),第15弾,2021/11/5,アイルしながわ,東京都品川区東品川2-3-2,(問合せ先)一般社団法人天王洲・キャナルサイド活性化協会電話：03-4405-5785,【平日】13：00～18：00【土日祝】9：00～18：00ただし、毎月第３火曜日、年末年始（12/29～1/3)はお休みです,139.75101 : 35.62344,,,,
東京都大田区(T001),第15弾,2021/11/5,大田区観光情報センター,東京都大田区蒲田4-50-11 ウィングキッチン京急蒲田,(問合せ先)大田区産業経済部産業振興課電話：03-5744-1322,9:00～20:00 (年中無休),139.72411 : 35.561,,,,
東京都世田谷区(G001),第12弾,2020/3/9,三軒茶屋観光案内所（SANCHA3「サンチャキューブ」）,東京都世田谷区太子堂4-1-1（東急世田谷線三軒茶屋駅改札前）,(問合せ先)世田谷区経済産業部産業連携交流推進課電話：03-3411-6653（平日9:00～17:00）,10:00～18:00ただし、年末年始(12/29～1/3)はお休みです,139.66928 : 35.64388,,,,
東京都渋谷区(H001),第12弾,2020/3/9,渋谷区立千駄ヶ谷社会教育館,東京都渋谷区千駄ヶ谷1-6-5,(問合せ先)渋谷区産業観光課電話：03-3463-2376,10:00～17:00　ただし、毎週月曜と年末年始（12/29～1/3）はお休みです。※施設の開館時間と配布時間は異なります,139.71001 : 35.67804,,,,
東京都杉並区(I001),第12弾,2020/3/9,杉並区立産業商工会館,東京都杉並区阿佐谷南3-2-19,電話：03-3393-1501,9:00～21:00ただし、毎月第3日曜日及び年末年始はお休みです,139.63519 : 35.70084,,,,
東京都杉並区(U001),第15弾,2021/11/5,東京工芸大学 杉並アニメーションミュージアム,東京都杉並区上荻3-29-5 杉並会館(3階),(問合せ先)杉並区産業振興センター観光係電話： 03-5347-9184,10:00～18:00（入館は17:30まで）ただし、月曜日（祝日の場合はその翌日）、年末年始（12月28日～1月4日）はお休みです,139.60789 : 35.71061,,,,
東京都豊島区(J001),第12弾,2020/3/9,としま区民センター 池袋東口観光案内所,東京都豊島区東池袋1-20-10,電話：03－6912－7900（問合せ先）豊島区文化観光課マンガ・アニメG東京都豊島区南池袋2-45-1電話：03-4566-2758,9：00～19：00ただし、年末年始はお休みです,139.7157 : 35.73116,,,,
東京都北区(K001),第12弾,2020/3/9,赤羽文化センター,東京都北区赤羽西1-6-1-301,電話：03-3906-3911(問合せ先)東京都北区政策経営部シティブランディング戦略課電話：03-3908-1364,9:00～21:00ただし、年末年始（12月28日～1月4日）、定期清掃日及び保守点検の日（毎月第3火曜日）はお休みです,139.7196 : 35.77795,,,,
東京都練馬区(V001),第15弾,2021/11/5,石神井観光案内所,東京都練馬区石神井町3-23-8,(問合せ先)練馬区商工観光課観光係電話：03-5984-1032,9:00～19:00ただし、年末年始（12月29日～1月3日）はお休みです,139.60588 : 35.74362,,,,
東京都足立区(L001),第12弾,2020/3/9,あだち産業センター,東京都足立区千住1-5-7,（問合わせ先）産業経済部産業振興課商業振興係電話：03-3880-5865,9：00～21：00ただし、年末年始（12/29～1/3）はお休みです,139.8004 : 35.74755,,,,
東京都足立区(W001),第15弾,2021/11/5,【火曜日以外】千住街の駅【平日のみ】足立区産業振興課,【火曜日以外】東京都足立区千住3-69千住街の駅（足立区千住3-69）【平日のみ】東京都足立区中央本町1-17-1 南館4階）,【火曜日以外】記載無し【平日のみ】記載無し,【火曜日以外】9:00～17:00ただし、火曜日及び年末(12/29～12/31)はお休みです【平日のみ】9:00～17:00ただし土日・祝日び年末年始(12/29～1/3)はお休みです,139.80362 : 35.75103,139.80502 : 35.77512,,,
東京都葛飾区(X001),第15弾,2021/11/5,【平日・土曜】ゆうろーどサービスカウンター【日曜・祝日】葛飾伊勢屋亀有本店,【平日・土曜】東京都葛飾区亀有3-21-6【日曜・祝日】東京都葛飾区亀有3-32-1,(問合せ先)葛飾区観光課観光担当係電話：03-3838-5558,【平日】12:00～19:00【土曜】10:00～16:00【日曜・祝日】8：30～19：50,139.84821 : 35.7653,139.84889 : 35.7648,,,
東京都江戸川区(Y001),第15弾,2021/11/5,総合レクリエーション公園サービスセンター,東京都江戸川区南葛西3丁目17番1号（ファミリースポーツ広場内）,(問合せ先)（マンホールカード全般）江戸川区SDGs推進部広報課シティプロモーション係電話：03-5662-0323（マンホールカードの内容） 江戸川区文化共育部文化課文化振興係電話 03-5662-8364,8:30～17:15,139.87009 : 35.65086,,,,
八王子市,第1弾,2016/4/1,桑都日本遺産センター八王子博物館（はちはく）,東京都八王子市子安町4-7-1サザンスカイタワー八王子3階,電話：042-622-8939,10：00～19：00ただし、年末年始（12/29～1/3）はお休みですその他、館内整理日で休館する場合があります,139.33881 : 35.65405,,,,
立川市(A001),第08弾,2018/8/11,立川市子ども未来センター,東京都立川市錦町3丁目2番26号,電話：042-529-8682,9：00～21：00ただし、年末年始はお休みです,139.41933 : 35.69389,,,,
立川市(B001),第12弾,2020/4/25,【平日】立川市役所下水道管理課【休日】立川市役所休日受付窓口,東京都立川市泉町1156-9,電話：042-523-2111,8：30～17：00ただし、年末年始はお休みです,139.40628 : 35.71529,,,,
立川市(C001),第16弾,2022/1/15,立川市女性総合センター5階,東京都立川市曙町2-36-2　ファーレ立川センタースクエア,電話：042-528-6801(問合せ先)立川市環境下水道部下水道管理課維持係電話：042-523-2111内線2204,9：00～20：30ただし、年末年始、第3木曜日、海の日はお休みです,139.41409 : 35.70244,,,,
武蔵野市(A001),第22弾,2024/4/26,一般社団法人武蔵野市観光機構,東京都武蔵野市吉祥寺本町1-10-7（武蔵野商工会館１階）,電話:0422-23-5900（問合せ先）武蔵野市市民部産業振興課産業振興係電話:0422-60-1832,9：30～17：30※年末年始はお休みです※配布開始日については、混雑状況により、開始時間が早まる場合があります,139.57904 : 35.70533,,,,
武蔵野市(B001),第24弾,2024/12/20,武蔵野市立ひと・まち・情報創造館武蔵野プレイス,東京都武蔵野市境南町2丁目3-18,電話:0422-30-1905※令和7年1月8日（水）以降は、休館日（水曜日）に下記で配布します武蔵境駅北口QuOla内１階「DEAN&DELUCA」東京都武蔵野市境1-1-7,9：30～22:00ただし、水曜日と年末年始（12/29～1/4）はお休みです8※令和7年1月8日（水）以降は、休館日に下記のとおり配布します。【水曜日】10：30～17：30ただし、年末年始はお休みです,139.54372 : 35.70129,,,,
三鷹市,第15弾,2021/11/5,みたか観光案内所,東京都三鷹市下連雀3-24-3-101,電話：0422-40-5525,9：00～18：00ただし、火曜日、年末年始（12/29～1/3）はお休みです,139.56201 : 35.70187,,,,
青梅市,第14弾,2021/4/25,【月曜日以外】青梅観光案内所【月曜日】青梅市役所,【月曜日以外】東京都青梅市本町192【月曜日】東京都青梅市東青梅１丁目１１番地の１,【月曜日以外】電話:0428-20-0011【月曜日】電話:0428-22-1111,【月曜日以外】9:30～17:00ただし、年末年始(12/30～1/3)はお休みです【月曜日】8:30〜17:15,139.25908 : 35.79034,139.27527 : 35.78809,,,
青梅市(B001),第21弾,2023/12/15,西東京農業協同組合　グリーンセンター,東京都青梅市梅郷3丁目930番地の1,電話:0428-76-1325,8：45～16：30ただし、1月1日から1月3日はお休みです,139.22311 : 35.78815,,,,
府中市(A001),第13弾,2020/12/17,片町文化センター,東京都府中市片町2丁目17番地,（問合せ先）府中市生活環境部観光プロモーション課電話：042-335-4095,9：00-20：00ただし、年末年始（12月29日から1月3日まで）、国民の祝日、臨時休館日（保守点検のため）はお休みです※臨時休館日はこちらからご確認ください,139.46954 : 35.67072,,,,
府中市(B001),第16弾,2022/1/15,府中市観光情報センター,東京都府中市宮町3丁目1番地,電話：042-302-2000(問合せ先)府中市生活環境部観光プロモーション課電話：042-335-4095,9：00～17：00ただし、年末年始及び毎月最終火曜日はお休みです,139.4794 : 35.66915,,,,
昭島市(A001),第07弾,2018/4/28,昭島観光案内所,東京都昭島市代官山2-3-6（昭島駅北口、西寄りの階段下）,電話：042-519-2331,【平日】4月～9月 9:00～18:0010月～3月 9:00～17:00【土日祝】（通年） 9:00～17:00ただし、月曜日（祝日の時は翌日）と年末年始（12/30～1/3）はお休みです,139.35378 : 35.7057,,,,
昭島市(B001),第24弾,2024/12/20,アキシマエンシス 郷土資料室,東京都昭島市つつじが丘3-3-15,電話:042-543-1523（問合せ先）昭島市都市整備部下水道課（平日のみ）電話:042-544-5111,【平日】10：00～19：30【土日祝】10：00～17：30ただし、毎週月曜日（休日の場合は次の平日）、年末年始、特別整理期間はお休みです,139.36919 : 35.71172,,,,
調布市,第10弾,2019/8/7,【平日】市役所本庁舎2階総合案内所【休日】調布市観光案内所「ぬくもりステーション」,【平日】東京都調布市小島町2-35-1調布市役所本庁舎2階【休日】東京都調布市布田４丁目１調布駅改札外　地下コンコース,電話:042-481-7111（問い合わせ先）調布市 環境部 下水道課電話:042-481-7228,【平日】9:00～17:00【休日】9:00～16:00,139.54089 : 35.65059,139.54382 : 35.65153,,,
町田市(A001),第10弾,2019/8/7,【平日】町田市役所下水道部下水道経営総務課【土日・祝日】町田市役所警備員室,東京都町田市森野2-2-22,電話：042-722-3111,8:30～17：00ただし、年末年始（12月29日～1月3日）はお休みです,139.4389 : 35.54658,,,,
町田市(B001),第12弾,2020/4/25,まちの案内所　町田ツーリストギャラリー,東京都町田市原町田4-10-20　ぽっぽ町田1階,電話:042-850-9311(問合せ先)　町田市役所電話:042-722-3111,10：00～19：00ただし、年末年始、棚卸期間などの臨時休業日はお休みです（臨時休業日は町田ツーリストギャラリーHPをご確認ください）,139.44934 : 35.54219,,,,
小金井市(A001),第05弾,2017/8/1,【平日】小金井市第二庁舎4階　環境部下水道課窓口【土曜(日曜、祝日は除く)】小金井市観光 まちおこし協会,【平日】東京都小金井市前原町3-41-15【土曜(日曜、祝日は除く)】東京都小金井市本町1丁目18番14号松島ビル103※小金井市まちおこし協会に駐車場は ありませんのでご注意ください。,電話：042-387-9828（問い合わせ先）【平日のみ】小金井市環境部下水道課 042-387-9828,9：00～12：00、13：00～17：00ただし、年末年始（12/29～1/3）はお休みです,139.505 : 35.69864,139.50766 : 35.70051,,,
小金井市(B001),第12弾,2020/3/9,【平日】小金井市第二庁舎4階　下水道課窓口【土曜・日曜・祝日】小金井市文化財センター,【平日】東京都小金井市前原町3-41-15【土曜・日曜・祝日】東京都小金井市緑町3丁目2番37号浴恩館公園内※文化財センターに駐車場はありません。,(問合せ先)小金井市環境部下水道課（平日のみ）042-387-9828※小金井市文化財センターへのお問い合わせはご遠慮ください,9:00～12:0013:00～16:30,139.505 : 35.69864,139.51729 : 35.71122,,,
小平市(A001),第02弾,2016/8/1,小平ふるさと村,東京都小平市天神町3-9-1,電話：042-345-8155,10：00～16：00ただし、月曜日及び第3火曜日（祝・祭日に当るときは翌日）、祝・祭日の翌日（土・日曜日に当たるときは開園）、年末年始（12/27～1/5）はお休みです。（臨時休園日は小平ふるさと村HPをご確認ください。）,139.5005 : 35.73127,,,,
小平市(B001),第12弾,2020/3/9,小平市ふれあい下水道館,東京都小平市上水本町1-25-31,電話：042-326-7411,10:00～16:00ただし、毎週月曜日（休・祝日の場合その直近の平日）と年末年始（12/27から1/5）はお休みです,139.46413 : 35.71969,,,,
日野市(A001),第10弾,2019/8/7,【平日】日野市環境共生部下水道課【休日】日野市立新選組のふるさと歴史館,【平日】東京都日野市日野本町1-7-2 2階（日野市生活保健センターの向かいの建物）【休日】東京都日野市神明4-16-1,【平日】電話：042-514-8317【休日】電話：042-583-5100,【平日】8:30～17:00【休日】9:30～16:30ただし、年末年始・休業日・休館日はお休みです。,139.400316 : 35.676382,139.39648 : 35.6737,,,
日野市(B001),第21弾,2023/12/15,【平日・土曜日】日野市役所七生支所【日曜日・休日】日野市立高幡図書館,【平日・土曜日】東京都日野市高幡128-5　京王高幡SC2階【日曜日・休日】東京都日野市三沢4-1-12,【平日・土曜日】電話:042-591-7712【日曜日・休日】電話:042-591-7322,【平日・土曜日】8：30～17：00【日曜日・休日】10：00～17：00ただし、年末年始・休業日・休館日はお休みです。,139.412 : 35.663,139.41328 : 35.65891,,,
国分寺市(A001),第06弾,2017/12/9,【平日】国分寺市役所 下水道課【土日祝】総合案内（cocobunji WEST5階 cocobunjiプラザ内）,【平日】東京都国分寺市泉町2-2-18【土日祝】東京都国分寺市本町3-1-1,【平日】電話:042-300-0120【土日祝】電話：042-329-1205,9：00～17：00ただし、年末年始（12/29～31，1/2，1/3）は，総合案内で配布します※1/1は，配布しません,139.47014 : 35.69729,139.48045 : 35.70069,,,
国分寺市(B001),第19弾,2023/4/28,史跡の駅　おたカフェ,東京都国分寺市西元町1-13-6,電話:042-312-2878,9：00～17：00ただし、月曜日（月曜日が祝祭日・振替休日の場合はその翌平日）及び年末年始（12/29～1/3）はお休みです,139.47318 : 35.69327,,,,
国分寺市(C001),第24弾,2024/12/20,本多公民館,東京都国分寺市本多1-7-1,（問合せ先）国分寺市政策部市政戦略室:042-312-8700,9:00～17:00ただし、第１、第３月曜日（休日の場合を除く）、12月29日～１月３日はお休みです※令和7年1月15日（水曜日）から配布します,139.48257 : 35.7055,,,,
国立市(A001),第11弾,2019/12/14,旧国立駅舎,東京都国立市東1-1-69,記載なし,【平日】10：00~19：00【土日・祝日】9：00~19：00ただし、12月29日〜1月3日はお休みです,139.44937 : 35.69915,,,,
国立市(B001),第18弾,2023/1/28,くにたち郷土文化館1階多目的ホール,東京都国立市谷保6231,電話：042-576-0211,9:00～17:00（入館は16:30まで）ただし、毎月第2・4木曜日（祝日の場合は開館し、翌日休館）、年末年始（12月29日～1月3日）、別に国立市教育委員会が定める日はお休みです,139.43245 : 35.67986,,,,
福生市,第18弾,2023/1/28,【通常】福生市観光案内所「くるみる ふっさ」【上記の定休日】福生市役所第一棟３階　道路下水道課窓口,【通常】東京都福生市本町23番地【上記の定休日】東京都福生市本町５番地,【通常】電話：042-530-2341【上記の定休日】電話：042-551-1968,【通常】10：00～18：00ただし、月曜及び木曜（祝日の場合は翌日）、年末年始（12月29日から1月3日）はお休みです【上記の定休日】8：30～17：15上記の定休日に配布しますただし、年末年始（12/29～1/3）はお休みです,139.32858 : 35.73951,139.32678 : 35.7387,,,
狛江市(A001),第06弾,2017/12/9,【平日】狛江市役所 下水道課窓口【土日祝日・年末年始】狛江市役所宿日直室窓口,【平日】東京都狛江市和泉本町1-1-5【土日祝日・年末年始】東京都狛江市和泉本町1-1-5,【平日】電話：03-3430-1111【土日祝日・年末年始】電話：03-3430-1111,9：00～17：00（年中無休）,139.57837 : 35.63494,139.57837 : 35.63494,,,
狛江市(B001),第15弾,2021/11/5,【通常】(一財)狛江市文化振興事業団事務所【上記の定休日】【平日】狛江市役所５階下水道課【土日祝日・年末年始】狛江市役所１階宿日直室窓口,【通常】東京都狛江市元和泉1-2-1エコルマホール５階事務室【上記の定休日】東京都狛江市和泉本町1-1-5,(問合せ先)狛江市環境部下水道課電話：03-3430-1111,9:00～17:00,139.57796 : 35.63324,139.57837 : 35.63494,,,
東大和市,第12弾,2020/3/9,【平日（祝日・年末年始を除く）】東大和市役所3階5番　産業振興課窓口【土・日曜日、祝日（年末年始、休館日を除く）】東大和市立郷土博物館,【平日（祝日・年末年始を除く）】東京都東大和市中央3-930【土・日曜日、祝日（年末年始、休館日を除く）】東京都東大和市奈良橋1-260-2,【平日（祝日・年末年始を除く）】電話：042-563-2111（内線1075）【土・日曜日、祝日（年末年始、休館日を除く）】電話：042-567-4800,【平日（祝日・年末年始を除く）】8：30～17：00【土・日曜日、祝日（年末年始、休館日を除く）】9：00～17：00ただし、毎週月曜日、祝日の翌日（金・土曜日が祝日の場合は、翌週の火曜日に休館）、年末年始（12月28日から1月4日まで）はお休みです,139.4265 : 35.74526,139.42224 : 35.75642,,,
清瀬市,第15弾,2021/11/5,【平日】清瀬市役所下水道課【土日祝日】清瀬市生涯学習センター,【平日】東京都清瀬市中里5-842【土日祝日】東京都清瀬市元町1-2-11 アミュー(5階),【平日】電話：042-497-2532【土日祝日】電話：042-495-7001,【平日】8：30～17：00【土日祝日】 9:00～16:00ただし、休日、年末年始(12/29～1/3)はお休みです,139.52655 : 35.78557,139.52097 : 35.77211,,,
東久留米市(A001),第12弾,2020/3/9,東久留米市市民プラザ事務室,東京都東久留米市本町三丁目3番1号,電話：042-470-7813,9:00～20:30ただし、年末年始はお休みです,139.5295 : 35.75793,,,,
東久留米市(B001),第15弾,2021/11/5,東京ドームスポーツセンター,東京都東久留米東京都東久留米市大門町2-14-37,(問合せ先)東久留米市市民部産業政策課電話：042-470-7743,10：00～17：00※年中無休（施設メンテナンス及び行事による休館あり）,139.52968 : 35.75799,,,,
東久留米市(C001),第15弾,2021/8/17,滝山中央名店会（食祭館あまいけ２階）,東京都東久留米市滝山4-1-40,（問合せ先）東久留米市産業政策課電話：042-470-7743,10：00～18：00ただし、正月三が日（1/1～1/3）はお休みです,139.50525 : 35.74485,,,,
東久留米市(D001),第17弾,2022/8/6,東久留米市立生涯学習センター,東京都東久留米市中央町2-6-23,電話：042-473-7811,9:00～17:00ただし、第4月曜日（祝日の場合はその翌日）及び年末年始（12月29日～1月4日）はお休みです,139.52136 : 35.75647,,,,
多摩市（A001）,第6弾,2017/12/9,【平日】多摩市役所 下水道課【土日】永山公民館,【平日】東京都多摩市関戸6-12-1（第二庁舎）【土日】東京都多摩市永山1-5（ベルブ永山）,【平日】電話：042-338-6842【土日】電話：042-337-6661,【平日】9：00～17：00ただし、閉庁日はお休みです【休日】9：00～17：00ただし、祝日、年末年始、休館日はお休みです,139.44717 : 35.63765,139.44868 : 35.62847,,,
多摩市（B001）,第6弾,2017/12/9,永山公民館,東京都多摩市永山1-5（ベルブ永山）,電話：042-337-6661,9：00～17：00ただし、祝日、年末年始、休館日はお休みです,139.44868 : 35.62847,,,,
多摩市（C001）,第8弾,2018/8/11,関戸公民館,東京都多摩市関戸4-72 ヴィータ・コミューネ7階、8階,電話：042-374-9711,9：00～17：00ただし、第1・第3月曜日、祝日、振替休日、年末年始（12/29～1/3）、臨時休館日はお休みです,139.44705 : 35.64963,,,,
多摩市(D001),第13弾,2020/12/17,多摩市立グリーンライブセンター,東京都多摩市落合2-35,電話：042-375-8716（問合せ先）多摩市下水道課電話：042-338-6842,9:30-17:00ただし、月曜日・第4火曜日（祝日の場合はその翌日）、年末年始（12月29日～1月3日）    はお休みです,139.42577 : 35.62136,,,,
稲城市,第12弾,2020/3/9,いなぎ発信基地ペアテラス,東京都稲城市東長沼516番地2,電話：042-401-5786,10:00～19:00ただし、年末年始（12/29～1/3）はお休みです,139.50426 : 35.63477,,,,
羽村市（A001）,第3弾,2016/12/1,羽村市郷土博物館,東京都羽村市羽741,電話：042-558-2561（問い合わせ先）羽村市水道事務所電話：042-554-2269,9：00～17：00ただし、月曜日（祝日の場合は開館）、12月29日～1月3日はお休みです,139.30324 : 35.7552,,,,
羽村市（B001）,第6弾,2017/12/9,羽村市動物公園 チケット売り場,東京都羽村市羽村4122,電話：042-579-4041（問い合わせ先）羽村市水道事務所電話：042-554-2269,【3～10月】9：00～16：00【11～2月】9：00～15：30ただし、毎週月曜日（月曜日が祝日の場合は営業）、年始（1/1）はお休みです,139.29889 : 35.75825,,,,
あきる野市(A001),第15弾,2021/11/5,【平日】あきる野市都市整備部生活排水対策課【土日祝日】あきる野市観光協会五日市観光案内所,【平日】東京都あきる野市二宮350【土日祝日】東京都あきる野市舘谷台16,【平日】電話：042-558-1111【土日祝日】電話：042-596-0514,【平日】8：30～12：00、13：00～17：15ただし、休日、年末年始（12/29～1/5）はお休みです。【土日祝日】3月～11月：8：30～17：0012月～2月：8：30～16：30ただし、水曜日（祝日の場合、翌営業日）、年末年始（12/16～1/5）はお休みです。,139.29451 : 35.72911,139.22887 : 35.73258,,,
あきる野市(B001),第16弾,2022/1/15,秋川渓谷瀬音の湯,東京都あきる野市乙津565番地,電話：042-595-2614,9：50～18：00ただし、毎週火曜日はお休みです,139.18401 : 35.7275,,,,
瑞穂町,第4弾,2017/4/3,瑞穂町郷土資料館 けやき館,東京都西多摩郡瑞穂町大字駒形富士山316-5,電話：042-568-0634,9：00～17：00ただし、第3月曜日（祝日の場合は翌日）、年末年始、臨時休館日（左記HPにて要確認）はお休みです,139.35329 : 35.78332,,,,
檜原村,第13弾,2020/12/17,【火曜日～土曜日・祝日】檜原温泉センター数馬の湯【月曜日・日曜日】郷土資料館,【火曜日～土曜日・祝日】東京都西多摩郡檜原村数馬2430【月曜日・日曜日】東京都西多摩郡檜原村3221番地,【火曜日～土曜日・祝日】記載無し【月曜日・日曜日】電話：042-598-0880,【火曜日～土曜日・祝日】10:00～18:00※ただし年末年始はお休みです【月曜日・日曜日】4月～11月 9:30～17:0012月～3月 10:00～16:00※ただし年末年始はお休みです,139.05325 : 35.72152,139.14885 : 35.72684,,,
小笠原村,第18弾,2023/1/28,小笠原村観光協会,東京都小笠原村父島字東町,電話：04998-2-2587(問合せ先)小笠原村建設水道課電話：04998-2-3115,8:00～12:00、13:30～17:00,142.20961 : 27.07124,,,,
横浜市（A001）,第02弾,2016/8/1,横浜駅観光案内所,神奈川県横浜市西区南幸1-1-1 JR横浜タワー２階,電話：045-620-9926,10:00～17:00,139.62231 : 35.46665,,,,
横浜市（B001）,第04弾,2017/4/3,横浜市旭区役所 地域振興課,神奈川県横浜市旭区鶴ケ峰1-4-12,電話：045-954-6095,8：45～17：00ただし、土日、祝日、年末年始はお休みです,139.54485 : 35.47489,,,,
横浜市（C001）,第04弾,2017/4/3,横浜市旭区役所 区政推進課,神奈川県横浜市旭区鶴ヶ峰1-4-12,電話：045-954-6028,8:45~17:00,139.54485 : 35.47489,,,,
横浜市（D001）,第10弾,2019/8/7,桜木町駅観光案内所,神奈川県横浜市中区桜木町1-1（JR桜木町駅 南改札正面）,電話：045-211-0111,10:00～17:00,139.62924 : 35.45356,,,,
川崎市(A001),第05弾,2017/8/1,かわさききたテラス（川崎市観光案内所）,神奈川県川崎市川崎区駅前本町26-1（アトレ3階 かわさききたテラス内）,（問合せ先）川崎市上下水道局サービス推進課（044-200-3149）,【平日】9：00～20：00【休日】9：00～19：00,139.69797 : 35.53012,,,,
川崎市(B001),第16弾,2022/1/15,【平日】川崎市入江崎水処理センター　ワクワクアクア【土日・祝日】かわさききたテラス（川崎市観光案内所）,【平日】神奈川県川崎市川崎区塩浜3-17-1【土日・祝日】神奈川県川崎区駅前本町26-1アトレ川崎３階,【平日】電話：044-287-5214【土日・祝日】記載無し,【平日】8：45～12：00、13：00～16：15ただし、毎週水曜日、年末年始を除きます。ワクワクアクア（予約制）を見学された方に配布します。（ワクワクアクア見学者以外の来訪者には配布しません。）【土日・祝日】9：00～19：00（平日は、川崎市観光案内所では配布しません。）,139.73904 : 35.51864,139.7037 : 35.52965,,,
川崎市(C001),第18弾,2023/1/28,東海道かわさき宿交流館,神奈川県川崎市川崎区本町1-8-4,(問合せ先)川崎市上下水道局下水道部サービス推進課電話：044-200-3149,9：00～17：00ただし、毎週月曜日（月曜日が休日の場合は直後の休日でない日）、年末年始はお休みです,139.70309 : 35.53243,,,,
相模原市（A001）,第01弾,2016/4/1,相模原市役所 都市建設局 土木部 下水道経営課総務・計画班,神奈川県相模原市中央区中央2-11-15（第1別館2階）,電話：042-707-1840,8：30～17：15ただし、土日、祝日、年末年始はお休みです,139.37328 : 35.57136,,,,
相模原市（B001）,第09弾,2018/12/14,相模湖観光案内所,神奈川県相模原市緑区与瀬1183,電話：042-649-0661,8：30～11：30、12：30～17：00ただし、年末年始(12/29～1/3)はお休みです,139.18904 : 35.61752,,,,
相模原市(C001),第14弾,2021/4/25,相模原市立博物館,神奈川県相模原市中央区高根3-1-15,電話:042-750-8030(問合せ先)下水道経営課電話:042-707-1840,ただし、毎週月曜日・国民の祝日の翌日（月曜日が祝日の場合は翌平日）、年末年始（12月28日～1月3日）及び教育委員会が定める日はお休みです,139.39285 : 35.56032,,,,
相模原市(D001),第17弾,2022/8/6,さがみはらアンテナショップsagamix,神奈川県相模原市南区相模大野3-2-1ボーノ相模大野ショッピングセンター2F,(問合せ先)相模原市下水道経営課電話：042-707-1840,10:00～21:00施設閉館日に準じます,139.43491 : 35.53107,,,,
横須賀市(A001),第01弾,2016/4/1,横須賀市観光案内所　京急線横須賀中央駅東口改札前,神奈川県横須賀市若松町２-25,電話：046-822-8607,9：30～17：00（平日、土日、祝日）12/30は短縮営業（９：30～15：00まで）12/31～1/3は定休日（1/4から通常営業）,139.66986 : 35.27821,,,,
横須賀市(B001),第15弾,2021/8/17,浦賀コミュニティセンター分館（郷土資料館）,神奈川県横須賀市浦賀7-2-1,電話：046-842-4121（問合せ先）横須賀市上下水道局　経営部総務課電話：046-822-8607,8：30～17：00ただし、年末年始（12月29日～1月3日）及び休館日はお休みです,139.71507 : 35.24421,,,,
横須賀市(C001),第21弾,2023/12/15,ドブ板ステーション,神奈川県横須賀市本町２-７,（問合せ先）横須賀市上下水道局総務課電話:046-822-8607,【平日】10:00～16:00【休日】10:30～16:00ただし、水曜日・不定休日・年末年始はお休みです,139.66446 : 35.28207,,,,
平塚市,第7弾,2018/4/28,四之宮ふれあいセンター,神奈川県平塚市四之宮4-19-2(相模川流域下水道右岸処理場内),電話：0463-54-6419,10月19日（土）10：00～15：0010月20日（日）以降9：30～17：00ただし、月曜日、年末年始（12/27～1/5）はお休みです,139.36287 : 35.36006,,,,
藤沢市,第10弾,2019/8/7,藤澤浮世絵館,神奈川県藤沢市辻堂神台二丁目2番2号　ココテラス湘南7階,電話：0466-33-0111（問い合わせ先）藤沢市役所下水道総務課電話：0466-50-8246,10:00～19:00ただし、月曜日（祝日、振替休日の場合は翌日）、年末年始（12月29日～1月3日）、展示替え等のため臨時休館日はお休みです,139.44693 : 35.34184,,,,
小田原市(A001),第07弾,2018/4/28,【平日】小田原市上下水道局経営総務課【土日祝】小田原宿なりわい交流館,【平日】神奈川県小田原市高田401【土日祝】神奈川県小田原市本町3-6-23,【平日】電話：0465-41-1611【土日祝】電話：0465-20-0515※専用駐車場はございません（問い合わせ先）小田原市上下水道局経営総務課電話：0465-41-1615,10：00～17：00ただし、年末年始はお休みです,139.19189 : 35.28876,139.15985 : 35.24803,,,
小田原市(B001),第15弾,2021/8/17,小田原市観光交流センター,神奈川県小田原市本町1-7-50,電話：0465－46－8403,9:00～17:00ただし、年末年始はお休みです,139.15794 : 35.24887,,,,
小田原市(C001),第16弾,2022/1/15,小田原宿なりわい交流館,神奈川県小田原市本町3-6-23,電話：0465－20－0515※専用駐車場はございません※令和６年９月１日から令和７年３月３１日まで配布場所が下記に変わります龍宮堂神奈川県小田原市本町３丁目４−２０※専用駐車場はございません(問合せ先)小田原市上下水道局経営総務課電話：0465-41-1615,10：00～17：00ただし、年末年始はお休みです※令和６年９月１日から令和７年３月３１日まで配布時間が下記に変わります10:00〜17:00ただし、木曜日はお休みですまた、１１月〜２月は土日・祝休日のみの配布となります,139.15985 : 35.24803,,,,
小田原市(D001),第19弾,2023/4/28,ラスカ小田原 １階インフォメーション,神奈川県小田原市栄町1-1-9,（問合せ先）JR東日本横浜支社小田原・伊豆統括センター電話：090-9581-5237,11:00〜19:00,139.15506 : 35.2546,,,,
小田原市(E001),第22弾,2024/4/26,小田原城址公園常盤木門1階,神奈川県小田原市城内6番1号,電話:0465-33-1521（小田原市観光課）,9：00〜16：30ただし、12月31日〜1月1日はお休みです,139.15407 : 35.25082,,,,
茅ヶ崎市,第18弾,2023/1/28,茅ヶ崎市観光案内所,神奈川県茅ヶ崎市元町1-1,電話：0467-82-3986,【4月～9月】9:00～19:00【10月～3月】10:00～19:00ただし、12月29日～1月3日はお休みです,139.40671 : 35.33058,,,,
逗子市,第16弾,2022/1/15,【平日】逗子市役所2階 下水道課窓口【土日祝日】逗子市役所１階 警備員室,神奈川県逗子市逗子5-2-16,電話：046-873-1111(問合せ先)逗子市環境都市部下水道課電話：046-873-1111,8：30～17：00ただし、年末年始（12/29～1/3）はお休みです,139.57951 : 35.29574,,,,
三浦市,第14弾,2021/4/25,【平日】三浦市役所第２分館２階上下水道部下水道課窓口【休日】三浦市観光インフォメーションセンター,【平日】神奈川県三浦市城山町1-1【休日】神奈川県三浦市南下浦町上宮田1450-4,【平日】電話:046-882-1111【休日】電話:046-888-0588,【平日】8：30～17：15【休日】9：00～17：30ただし、年末年始はお休みです,139.62059 : 35.14437,139.65678 : 35.188,,,
秦野市,第8弾,2018/8/11,【平日・土曜】秦野市浄水管理センター 秦野市上下水道局下水道施設課【日曜・祝日】秦野駅観光案内所,【平日・土曜】神奈川県秦野市上大槻190番地【日曜・祝日】神奈川県秦野市大秦町1（小田急線秦野駅改札出て左）,【平日・土曜】電話：0463-81-4114【日曜・祝日】記載無し,9：00～17：00ただし、年末年始はお休みです,139.24199 : 35.36404,139.2267 : 35.37062,,,
厚木市(A001),第03弾,2016/12/1,厚木市役所 河川下水道施設課,神奈川県厚木市中町3-17-17（市役所第2庁舎14階）,電話：046-225-2363,8：30～17：15ただし、土日、祝日、年末年始はお休みです,139.36255 : 35.44295,,,,
厚木市(B001),第20弾,2023/7/28,あつぎ市民交流プラザ窓口,神奈川県厚木市中町2-12-15　アミューあつぎ6階,電話:046-225-2833（問合せ先）厚木市役所河川下水道施設課電話:046-225-2363,8：30～17：15ただし、年末年始（12月29日～1月3日）はお休みです,139.36554 : 35.44247,,,,
厚木市(C001),第24弾,2024/12/20,あつぎ郷土博物館,神奈川県厚木市下川入1366-4,電話:046-225-2515（問合せ先）厚木市役所　河川下水道施設課電話:046-225-2363※令和6年12月22日（日曜日）から配布します,9:00～16：30ただし、毎月最終月曜日（その日が祝日のときは次の平日）及び年末年始（12月29日から1月3日まで）はお休みですまた、臨時休館日があります※令和6年12月22日（日曜日）から配布します,139.34979 : 35.49529,,,,
大和市,第10弾,2019/8/7,大和市イベント観光協会,神奈川県大和市大和南1-8-1 文化創造拠点シリウス2階,電話：046-260-5799,10:00～16:00(昼休み12:00～13:00)ただし、月曜日、祝日、年末年始(12/29～1/3)はお休みです,139.46529 : 35.46959,,,,
伊勢原市,第11弾,2019/12/14,【平日】アクアクリーンセンター 2階　下水道経営課窓口【土日祝日】伊勢原市役所駅窓口センター,【平日】神奈川県伊勢原市神戸120【土日祝日】神奈川県伊勢原市桜台1丁目1−7 小田急マルシェ伊勢原 2階,【平日】電話：0463-92-3341【土日祝日】記載無し,【平日】8:30〜12:00・13:00〜17:00【土日祝日】9:30〜17:00ただし、年末年始は除く,139.297333 : 35.38732,139.313566 : 35.39596,,,
海老名市,第16弾,2022/1/15,海老名市立郷土資料館「海老名市温故館」,神奈川県海老名市国分南1-6-36,(問合せ先)海老名市役所まちづくり部下水道課電話：046-235-9618,9：00～16：30ただし、休館日がありますのでご注意ください,139.39713 : 35.45431,,,,
座間市,第10弾,2019/8/7,一般社団法人座間市観光協会,神奈川県座間市入谷東３丁目６０番５号小田急マルシェ２　２階,（問い合わせ先）座間市上下水道局経営総務課電話：046-252-7480,9：00〜17：00ただし、毎週水曜日と12月29日から1月3日はお休みです。また、不定期に休館となりますのでご了承ください。,139.40067 : 35.48042,,,,
綾瀬市,第23弾,2024/7/26,綾瀬市立城山公園管理棟,神奈川県綾瀬市早川城山三丁目4-1,（問合せ先）綾瀬市土木部下水道課管理担当電話:0467-70-5634,8：30～17：00ただし、水曜日及び年末年始（12月28日～1月3日）はお休みです,139.41989 : 35.43764,,,,
葉山町,第11弾,2019/12/14,【平日】葉山町役場【休日】葉山しおさい公園,【平日】神奈川県三浦郡葉山町堀内2135【休日】神奈川県三浦郡葉山町一色2123-1,【平日】電話：046-876-1111【休日】電話：046-876-1140,【平日】8:30～17:00【休日】8:30～17:00ただし、年末年始（12月28日～1月3日）はお休みです,139.58885 : 35.27249,139.57759 : 35.26251,,,
中井町,第6弾,2017/12/9,【平日】中井町役場 上下水道課【休日】中井町役場 宿直室,【平日】神奈川県足柄上郡中井町比奈窪56（2階）【休日】神奈川県足柄上郡中井町比奈窪56（1階）,【平日】電話：0465-81-3903【休日】電話：0465-81-1111,8：30～17：15（年中無休）,139.21884 : 35.33072,139.21884 : 35.33072,,,
大井町,第7弾,2018/4/28,【平日】大井町役場 生活環境課窓口【休日】大井町役場 夜間休日窓口,神奈川県足柄上郡大井町金子1995,電話：0465-85-5011,【平日】8：30～17：15【休日】8：30～17：15ただし、年末年始（12/29～1/3）はお休みです,139.15602 : 35.32607,,,,
山北町,第21弾,2023/12/15,山北町観光協会,神奈川県足柄上郡山北町山北1840-15,電話:0465-75-2717,9:00～17:00（冬季は16:00まで）ただし、年末年始(12/29～1/3はお休みです,139.08104 : 35.36081,,,,
愛川町,第7弾,2018/4/28,【平日】愛川町役場 下水道課【休日】愛川町役場 住民課窓口（1階）,【平日】神奈川県愛甲郡愛川町角田251-1（3階）【休日】神奈川県愛甲郡愛川町角田251-1（1階）,【平日】電話：046-285-6946【休日】電話：046-285-2111,【平日】8：30～17：15【休日】8：30～17：00,139.32176 : 35.52901,139.32176 : 35.52901,,,
清川村,第11弾,2019/12/14,【平日】清川村本庁舎１階　清川村環境上下水道課【休日】清川村本庁舎１階　宿直室,神奈川県愛甲郡清川村煤ヶ谷２２１６番地,電話：046-288-3862,8:30～17:15,139.2623 : 35.48428,,,,
新潟県（流域下水道）,第6弾,2017/12/9,新潟県下水道公社,新潟県新潟市東区下山3-680,電話：025-271-1151,【平日】9：00～17：00【休日】10：00～15：00ただし、休日（土日、祝日、年末年始）に配布をご希望される方は、平日（9：00～17：00）に電話予約が必要です。,139.12302 : 37.95059,,,,
新潟市（A001）,第1弾,2016/4/1,新潟古町まちみなと情報館,新潟県新潟市中央区古町通七番町995-7,電話：025-378-4101,10：00～17：00ただし、毎週水曜日、年末年始はお休みです（詳しい休業期間は直接施設へお問合せください）,139.04514 : 37.92238,,,,
新潟市（B001）,第6弾,2017/12/9,新津鉄道資料館,新潟県新潟市秋葉区新津東町2-5-6,電話：0250-24-5700（問い合わせ先）新潟市役所下水道部 経営企画課電話：025-226-2959（平日のみ）,9：30～17：00ただし、毎週火曜日（火曜が祝日の場合はその翌日）、年末年始（12/28～1/3）はお休みです,139.1427 : 37.80185,,,,
長岡市(A001),第07弾,2018/4/28,ながおか市民協働センター,新潟県長岡市大手通1-4-10シティホールプラザアオーレ長岡 西棟３階,電話：0258－39－2020（問い合わせ先）長岡市土木部 下水道課電話：0258-39-2235,8:30～21:00ただし、年末年始（12月29日～1月3日）はお休みです,138.85138 : 37.44682,,,,
長岡市(B001),第13弾,2020/12/17,道の駅ながおか花火館,新潟県長岡市喜多町707番地,電話：0258-86-7766,10：00～17：30ただし、水曜日・年末年始（12/31～1/2）はお休みです,138.80682 : 37.45169,,,,
長岡市(C001),第14弾,2021/4/25,ながおか市民センター１階,新潟県長岡市大手通2丁目2番地6,(問合せ先)長岡市土木部下水道課電話:0258-39-2235,【平日】9：00〜18：00【土日祝】10：00〜18：00ただし、年末年始（12/29～1/3）はお休みです,138.84865 : 37.44849,,,,
長岡市(D001),第18弾,2023/1/28,道の駅越後川口,新潟県長岡市川口中山84-2,電話：0258-89-4550,【4月～11月】　9:00～18:00ただし、第1・3・5火曜日はお休みです【12月～3月】9:00～17:00ただし、毎週火曜日はお休みです,138.86717 : 37.26168,,,,
長岡市(E001),第19弾,2023/4/28,道の駅R290とちお,新潟県長岡市栃尾宮沢1764,電話: 0258-53-2030,10:00〜18:00ただし、年末年始（12/31～1/2）はお休みです,139.00743 : 37.45978,,,,
長岡市(F001),第22弾,2024/4/26,米百俵プレイス ミライエ長岡,新潟県長岡市大手通2丁目3番地10 米百俵プレイス ミライエ長岡3階,電話:0258-86-6008,【平日・土曜日】　9:00～21:00【日曜日・祝日】　9:00～18:00ただし、毎月第2木曜日、毎月末日、年末年始（12月29日から翌年1月3日まで）はお休みです,138.84865 : 37.44849,,,,
三条市,第5弾,2017/8/1,【月曜日以外（休館日は毎週月曜日。月曜日が祝日の場合は翌日）】三条鍛冶道場【月曜日のみ】三条下水処理センター【月曜日のみ】中央公民館,【月曜日以外】新潟県三条市元町11-53【月曜日のみ】新潟県三条市塚野目2323【月曜日のみ】新潟県三条市元町13番1号,【月曜日以外】電話：0256-34-8080【月曜日のみ】記載無し【月曜日のみ】電話：0256-32-4811,【開館日】（休館日は毎週月曜日。月曜日が祝日の場合は翌日）9：00～17：00※ただし、年末年始（12/29～1/3）はお休みです【休館日①】8:30～17:15※ただし、年末年始（12/29～1/3）はお休みです【休館日②】9:00〜22:00※ただし、年末年始（12/29～1/3）はお休みです,138.95404 : 37.63216,138.97359 : 37.65752,,,
柏崎市(A001),第09弾,2018/12/14,かしわざき市民活動センターまちから,新潟県柏崎市西本町3-2-8,電話：0257-22-2003,9：30～21：00ただし、毎週火曜日（火曜日が祝日の場合はその翌日）、年末年始（12/29〜1/3）はお休みです,138.54669 : 37.36782,,,,
柏崎市(B001),第13弾,2020/12/17,新潟県立柏崎アクアパーク,新潟県柏崎市学校町6-73,電話：0257-22-5555,【平日・土曜日】10:00～20:00【日曜日】10:00～16:00ただし、毎週火曜日（火曜日が祝日の場合はその後の一番近い平日）及び12月31日、1月1日はお休みです,138.55272 : 37.37314,,,,
新発田市(A001),第08弾,2018/8/11,新発田市観光情報センター,新潟県新発田市諏訪町1-2-11 MINTO館内,電話：0254-26-6789,8：30～17：00ただし、年末年始（12/29～1/3）はお休みです,139.3334 : 37.94459,,,,
新発田市(B001),第12弾,2020/4/25,寺町たまり駅,新潟県新発田市諏訪町2丁目3番28号,電話:0254-22-1888(問合せ先)新発田市下水道課電話:0254-23-7284,9：00～16：30ただし、12/29～1/3はお休みです,139.32965 : 37.94555,,,,
新発田市(C001),第16弾,2022/1/15,月岡温泉観光協会,新潟県新発田市月岡温泉546番地1,電話：0254-32-3151,10:00～12:00、13:00～17:00ただし、年末年始（12月30日～1月3日）はお休みです,139.30881 : 37.87947,,,,
小千谷市(A001),第03弾,2016/12/1,小千谷市錦鯉の里,新潟県小千谷市城内1-8-22,電話：0258-83-2233（問合せ先）新潟県小千谷市上下水道局電話：0258-82-4115,9：00～17：00ただし、年末年始はお休みです,138.79535 : 37.31105,,,,
小千谷市(B001),第16弾,2022/1/15,小千谷市総合産業会館「サンプラザ」,新潟県小千谷市城内1丁目8番25号,電話：0258-83-4800(問合せ先)新潟県小千谷市上下水道局電話：0258-82-4115,9:00～17:30（12月～2月は17：00まで）ただし、年末年始はお休みです,138.79535 : 37.31105,,,,
加茂市,第18弾,2023/1/28,加茂七谷温泉　美人の湯,新潟県加茂市大字宮寄上13-,1電話：0256-41-4122(問合せ先)加茂市上下水道課電話：0256-52-0080,10：00～21：00休館日第2・第4水曜日の配布は行いませんのでご注意願います。足を運ぶ前に、美人の湯のホームページで営業日の確認をお願いします。,139.16562 : 37.58341,,,,
十日町市（A001）,第7弾,2018/4/28,松代・松之山温泉観光案内所,新潟県十日町市松代3816-1（道の駅まつだいふるさと会館内）,電話：025-597-3442（問い合わせ先）十日町市上下水道局 下水道係電話：025-757-3141,9：00～17：00ただし、年末年始はお休みです,138.60794 : 37.13378,,,,
十日町市（B001）,第8弾,2018/8/11,【10～3月】十日町温泉総合保養施設 宮中島温泉ミオンなかさと【10～3月（休館日）】ゆくら妻有 日帰り温泉【4～9月】清津渓谷トンネル　エントランスPeriscope,【10～3月】新潟県十日町市宮中己4197【10～3月（休館日）】新潟県十日町市芋川乙32633267【4～9月】新潟県十日町市小出2119,【10～3月】電話：025-763-4811【10～3月（休館日）】記載無し【4～9月】電話：025-763-4800（問い合わせ先）十日町市下水処理センター（上下水道局下水道係）電話：025-757-3141,【10～3月】10：00～22：00ただし、木曜日（8月を除く）、は休館日のため、「ゆくら妻有日帰り温泉」で配布します【4～9月】8：30～16：00,138.69098 : 37.06927,138.69743 : 37.02647,,,
十日町市(C001),第13弾,2020/12/17,十日町市博物館,新潟県十日町市西本町一丁目448番地9,電話：025-757-5531（問合せ先）十日町市下水処理センター（上下水道課下水道係）電話：025-757-3141,9：00～17：00ただし、月曜日(祝日の場合はその翌日)、年末年始はお休みです,138.75589 : 37.14096,,,,
見附市,第17弾,2022/8/6,ネーブルみつけ内「みらい市場」,新潟県見附市学校町１丁目16番15号,電話：0258-62-7877(問合せ先)見附市上下水道局下水道施設管理係電話：0258-62-1700,9：00～17：00ただし、年末年始、休館日はお休みです。休館日はこちらで確認してください。,138.91484 : 37.53192,,,,
村上市（A001）,第4弾,2017/4/3,村上市郷土資料館 おしゃぎり会館,新潟県村上市三之町7-9,電話：0254-52-1347,9：00～16：30ただし、年末年始はお休みです※臨時閉館日及び休館日は、年度により変更することもございますので、詳細は左記施設までお問い合わせください,139.4814 : 38.22565,,,,
村上市（B001）,第5弾,2017/8/1,道の駅笹川流れ（夕日会館）,新潟県村上市桑川891番地1,電話：0254-79-2017,9:00～17:30※ただし、毎月最終水曜日（11月～3月は、毎週水曜日）、年末年始(12/30～1/1)はお休みです季節により配布時間が変更になる可能性もありますので、詳細は左記施設までお問い合わせください,139.45757 : 38.37292,,,,
村上市（C001）,第6弾,2017/12/9,荒川地区公民館,新潟県村上市羽ヶ榎104-25,電話：0254-62-3050,9：00～17：00ただし、年末年始はお休みです※休館日や開館時間帯は変更になる可能性がありますので、詳細は左記施設までお問い合わせください,139.4444 : 38.12542,,,,
村上市（D001）,第8弾,2018/8/11,道の駅朝日 朝日みどりの里物産会館,新潟県村上市猿沢1215,電話：0254-72-1551,9：00～18：00ただし、定休日（毎月最終月曜）、年末年始（12/31～1/1）、臨時休館日はお休みです詳細は左記施設にお問い合わせください,139.52316 : 38.28257,,,,
村上市(E001),第11弾,2019/12/14,道の駅神林（穂波の里）道路情報ターミナル,新潟県村上市九日市809番地,電話：0254-66-6326,8：30〜16：15ただし、年末年始はお休みです,139.46056 : 38.1728,,,,
燕市（A001）,第06弾,2017/12/9,燕市分水良寛史料館,新潟県燕市上諏訪9番9号,電話：0256-97-2428（問い合わせ先）燕市都市整備部下水道課電話：0256-77-8291,9:00～16:30ただし、月曜日（祝日の場合は翌日）、年末年始はお休みです,138.84337 : 37.63069,,,,
燕市（B001）,第10弾,2019/8/7,燕市産業史料館,新潟県燕市大曲4330-1,電話：0256-63-7666（問い合わせ先）燕市都市整備部下水道課電話：0256-77-8291,9:00～16:30ただし、月曜日（祝日の場合は翌日）、年末年始はお休みです,138.91972 : 37.65244,,,,
燕市(C001),第16弾,2022/1/15,燕市長善館史料館,新潟県燕市粟生津97番地,電話：0256-93-5400（問い合わせ先）燕市都市整備部下水道課電話：0256-77-8291,9：00～16：30ただし、月曜日（祝日の場合は翌日）、年末年始（12/29～1/3）はお休みです,138.86931 : 37.65161,,,,
燕市(D001),第17弾,2022/8/6,道の駅 国上（ふれあい交流センター）,新潟県燕市国上5866-1,電話：0256-98-0770(問合せ先)燕市都市整備部下水道課電話：0256-77-8291,10：00～17：00ただし、臨時休業する場合があります,138.82468 : 37.66301,,,,
糸魚川市,第10弾,2019/8/7,キターレ,新潟県糸魚川市大町2-2-19,（問い合わせ先）糸魚川市ガス水道局電話：025-552-1540,木～火曜日9：00～22：00水曜日定休日,137.85938 : 37.0448,,,,
阿賀野市,第8弾,2018/8/11,五頭山麓うららの森情報発信館,新潟県阿賀野市村杉3946-163,電話：0250-61-3511（問い合わせ先）阿賀野市上下水道局電話：0250-62-2833,9：00～17：00ただし、火曜日（祝日の場合はその翌日）、年末年始はお休みです。臨時閉館する場合があります。,139.28682 : 37.8028,,,,
佐渡市(A001),第21弾,2023/12/15,佐渡金銀山ガイダンス施設「きらりうむ佐渡」,新潟県佐渡市相川三町目浜町１８番地,電話:0259-74-2215（問合せ先）佐渡市上下水道課下水道総務係電話:0259-55-3115,8時30分～17時00分ただし、年末年始はお休みです,138.2406 : 38.02979,,,,
佐渡市(B001),第22弾,2024/4/26,【平日】佐渡市役所本庁舎１F 総合案内窓口【土日祝日】佐渡市役所本庁舎１F 宿日直室,新潟県佐渡市千種232番地,（問合せ先）佐渡市役所　上下水道課電話:0259-67-7857,8：30～17：00,138.36899 : 38.01738,,,,
佐渡市(C001),第23弾,2024/7/26,南佐渡観光案内所,新潟県佐渡市小木町1935番地26,電話:0259-86-3200（問合せ先）佐渡市役所　上下水道課　下水道総務係電話:0259-67-7857,8：30～17：00ただし、年末年始はお休みです,138.26962 : 37.81981,,,,
佐渡市(D001),第24弾,2024/12/20,佐渡市畑野行政サービスセンター,新潟県佐渡市畑野甲533番地,電話:0259-66-3111（問合せ先）佐渡市役所上下水道課下水道総務係電話:0259-67-7857,8：30～17：00,138.39857 : 37.98877,,,,
胎内市(A001),第10弾,2019/8/7,胎内市観光協会,新潟県胎内市下赤谷387-1,電話：0254-47-2723,9:00 ～ 18:00,139.45711 : 38.06192,,,,
胎内市(B001),第21弾,2023/12/15,ロイヤル胎内パークホテル,新潟県胎内市夏井1191-3,電話:0254-48-2211（問合せ先）胎内市商工観光課電話:0254-43-6111,9：00-18：00,139.49603 : 38.03184,,,,
出雲崎町,第16弾,2022/1/15,【通常】道の駅　越後出雲崎天領の里【休館日】出雲崎町役場　建設課,【通常】新潟県三島郡出雲崎町大字尼瀬6番地57【休館日】新潟県三島郡出雲崎町大字川西140番地,【通常】電話：0258-78-4000【休館日】電話：0258-78-2296,【通常】10:00～16:00ただし、水曜日及び年末年始はお休みです。祝日及びＧＷと夏休み期間中は水曜日でも配布します。また、4月から10月までは第１水曜日のみお休みです。【休館日】9:00～17:00道の駅の休館日（平日の水曜日）に配布します,138.67963 : 37.53697,138.70775 : 37.52745,,,
富山市（A001）,第02弾,2016/8/1,富山市民俗民芸村管理センター,富山県富山市安養坊1118番地1,電話：076-433-8270（問合せ先）富山市上下水道局下水道課電話：076-432-8571,9:00～16:30ただし、年末年始はお休みです（その他、臨時休館有）,137.19177 : 36.71183,,,,
富山市（B001）,第9弾,2018/12/14,富山市まちなか観光案内所,富山県富山市本丸1-45,電話：076-439-0800（問合せ先）富山市上下水道局下水道課電話：076-432-8571,【12/1～3/15】9：00～17：00【3/16～11/30】9：00～17：30ただし、年末年始はお休みです,137.21123 : 36.69329,,,,
富山市(C001),第11弾,2019/12/14,【平日】富山市上下水道局 １階　給排水サービス課【土日祝】富山市民芸術創造センター受付,【平日】富山県富山市牛島本町二丁目1番20号【土日祝】富山県富山市呉羽町2247-3,【平日】電話：076-432-8708【土日祝】電話：076-434-4100（問合せ先）富山市上下水道局下水道課電話：076-432-8571,【平日】8:30～17:15【土日祝】10:00～17:00ただし、年末年始はお休みです（その他、臨時休館有）,137.21007 : 36.70802,137.16447 : 36.71677,,,
富山市(D001),第13弾,2020/12/17,富山市民プラザ１階 管理事務所,富山県富山市大手町6番14号,電話：076-493-1313（問合せ先）富山市上下水道局下水道課電話：076-432-8571,9：00～17：00ただし、元日はお休みです,137.21098 : 36.69067,,,,
富山市(E001),第15弾,2021/8/17,岩瀬カナル会館１階 管理事務所,富山県富山市岩瀬天神町48,電話：076-438-8446（問合せ先）富山市上下水道局電話：076-432-8571,9：00～17：00ただし、年末年始はお休みです,137.23441 : 36.7594,,,,
富山市(F001),第16弾,2022/1/15,TOYAMAキラリ(富山市ガラス美術館)1階 総合案内,富山県富山市西町5番1号,電話：076-461-3100(問合せ先)富山市上下水道局電話：076-432-8571,9:30～17:00ただし、第一水曜日はお休みです（その他、臨時休館有）,137.21512 : 36.68861,,,,
富山市(G001),第17弾,2022/8/6,越中八尾観光会館,富山県富山市八尾町上新町2898-1,電話：076-454-5138(問合せ先)富山市上下水道局電話：076-432-8571,9：00～17：00年末年始（12/29～1/3）,137.13017 : 36.57637,,,,
富山市(H001),第24弾,2024/12/20,路面電車等公共交通案内所,富山県富山市明輪町73番5号（富山駅停留場（市内電車）8番ホーム側）,電話:076-432-3456（問合せ先）富山市上下水道局下水道課電話:076-432-8571,7：30～18：30※令和7年1月6日（月）より配布時間が下記に変わります9：00～13：30、14：30～17：00,137.21176 : 36.70205,,,,
高岡市(A001),第09弾,2018/12/14,道の駅「雨晴（あまはらし）」,富山県高岡市太田24番地74,電話：0766-53-5661,10：00～17：00,137.03363 : 36.81501,,,,
高岡市(B001),第14弾,2021/4/25,雲龍山勝興寺,富山県高岡市伏木古国府17-1,電話:0766-44-0037,10：00～15：30年中無休,137.05281 : 36.79287,,,,
氷見市,第6弾,2017/12/9,氷見市観光協会,富山県氷見市伊勢大町1-12-18（JR氷見駅構内）,電話：0766-74-5250（問い合わせ先）氷見市役所建設農林水産部 上下水道課電話：0766-74-8207（平日8：30～17：15）,9：00～17：00ただし、年末年始はお休みです,136.9901 : 36.84944,,,,
滑川市,第23弾,2024/7/26,滑川市民交流プラザ1階 管理事務室,富山県滑川市吾妻町426番地,電話:076-476-5500,8:30～22:00ただし、毎週水曜日（祝日の場合は翌日）、12/31、1/1はお休みです,137.3443 : 36.76757,,,,
砺波市,第14弾,2021/4/25,一般社団法人　砺波市観光協会,富山県砺波市宮沢町3番9号,電話:0763-33-7666,9:00～18:00ただし、年末年始はお休みです,136.96005 : 36.64202,,,,
小矢部市(A001),第10弾,2019/8/7,道の駅メルヘンおやべ,富山県小矢部市桜町1535-1,電話：0766-68-3811(問合せ先)小矢部市役所産業建設部上下水道課電話：0766-67-1760,10:00～17:00ただし、元旦はお休みです。,136.87656 : 36.68936,,,,
小矢部市(B001),第17弾,2022/8/6,石動駅観光案内所,富山県小矢部市石動町11-10（石動駅構内）,電話：0766-68-1062(問合せ先)小矢部市役所 産業建設部 上下水道課電話：0766-67-1760,10:00～18:00月曜日（祝日の場合は翌日）、年末年始はお休みです,136.86467 : 36.67217,,,,
射水市,第5弾,2017/8/1,道の駅 カモンパーク新湊 物産コーナー,富山県射水市鏡宮296,電話：0766-83-0111（問い合わせ先）射水市役所 上下水道部 下水道工務課電話：0766-84-9648,8：00～17：00（年中無休）,137.08443 : 36.7521,,,,
舟橋村,第9弾,2018/12/14,【平日】中新川広域行政事務組合　下水道課【土日祝日】舟橋会館,【平日】富山県中新川郡舟橋村国重242【土日祝日】富山県中新川郡舟橋村海老江147,【平日】電話：076-464-1315【土日祝日】電話：076-464-1126,【平日】9：00～17：00【土日祝日】9：00～17：00ただし、年末年始・お盆などにお休みすることがあります。詳しくは事前に配布場所へご確認ください。,137.30217 : 36.71018,137.30716 : 36.70145,,,
金沢市,第23弾,2024/7/26,金沢中央観光案内所,石川県金沢市南町４−１ 金沢ニューグランドビル1階,電話:076-254-5020（問合せ先）金沢市企業局経営企画課電話:076-220-2652,10:00～21:00,136.65367 : 36.56712,,,,
輪島市(A001),第11弾,2019/12/14,輪島市上下水道局（1階窓口にて）,石川県輪島市河井町21部1番地1,電話：0768-22-2220,8:30～17:15（土日祝日、年末年始を除く）,136.90369 : 37.38899,,,,
輪島市(B001),第13弾,2020/12/17,輪島市上下水道局（1階窓口にて）,石川県輪島市河井町21部1番地1,電話：0768-22-2220,8:30～17:15（土日祝日、年末年始を除く）,136.90369 : 37.38899,,,,
かほく市,第2弾,2016/8/1,かほく市産業建設部 上下水道課,石川県かほく市宇野気二81,電話：076-283-7106,8：30～17：15ただし、休日（土日、祝日、年末年始）に配布を希望される方は、平日（開庁日）15時までに予約が必要です。詳細はかほく市ホームページをご確認ください。,136.70399 : 36.71671,,,,
志賀町,第8弾,2018/8/11,【平日】志賀町役場本庁舎 上下水道室【休日】志賀町役場宿直室,石川県羽咋郡志賀町末吉千古1番地1,電話：0767-32-1111（代表）電話：0767-32-9251（直通）※平日時間内のみ,8：30～17：15土日祝日は閉庁のため、平日時間内に事前連絡が必要です,136.77805 : 37.00633,,,,
中能登町,第12弾,2020/4/25,道の駅　織姫の里なかのと,石川県鹿島郡中能登町井田ぬ部10番地1,電話:0767-76-8000,9:00～17:00ただし、年始及び定休日はお休みです詳細はHPをご覧ください,136.91512 : 36.95799,,,,
能登町,第16弾,2022/1/15,のと九十九湾観光交流センター イカの駅 つくモール,石川県鳳珠郡能登町字越坂18字18番1,電話：0768-74-1399(問合せ先)能登町役場　建設水道課電話：0768-62-8523,9：30-17：00ただし、水曜日はお休みです,137.23782 : 37.31118,,,,
能登町(B001),第18弾,2023/1/28,コンセールのと（たびスタ）,石川県鳳珠郡能登町字宇出津ト字29-2,電話：0768-62-8530(問合せ先)能登町　建設水道課電話：0768-62-8523,9:00～18:00（月曜日定休）,137.1481 : 37.30999,,,,
能登町(C001),第20弾,2023/7/28,体験交流施設ラブロ恋路,石川県鳳珠郡能登町字恋路3-1,8電話:0768-72-1234（問合せ先）能登町　建設水道課電話:0768-62-8523,9:00～18：00　年中無休,137.24252 : 37.36726,,,,
福井市（A001）,第02弾,2016/8/1,【平日】福井市上下水道局経営部経営管理課【土日祝日】福井市水道記念館,【平日】福井県福井市大手3-13-1（上下水道局3階）【土日祝日】福井市足羽1丁目7－35,【平日】電話：0776-20-5615【土日祝日】電話：0776-35-6751,【平日】8：30～17：15ただし、土日、祝日、年末年始はお休みです【土日祝日】9:00～16:30ただし、年末年始はお休みです※令和7年5月6日（火）の振替休日は、休館日となり配布できませんのでご了承ください,136.21851 : 36.06575,,,,
福井市（B001）,第08弾,2018/8/11,福井市一乗谷朝倉氏遺跡復原町並,福井県福井市城戸ノ内町第28号43番地,電話：0776-41-2330（問い合わせ先）福井市上下水道局経営部経営管理課電話0776-20-5615,9：00～16：30ただし、年末年始（12/28～1/4）はお休みです,136.29626 : 36.00074,,,,
敦賀市(A001),第06弾,2017/12/9,敦賀鉄道資料館,福井県敦賀市港町1-25,電話：0770-21-0056（問い合わせ先）敦賀市天筒浄化センター電話：0770-22-8145,9：00～17：00ただし、水曜日(祝日の場合は翌平日)、年末年始はお休みです。なお、特別な理由(天災など)により臨時休館する場合があります。,136.07297 : 35.66107,,,,
敦賀市(B001),第17弾,2022/8/6,人道の港敦賀ムゼウム,福井県敦賀市金ケ崎町23-1,電話：0770-37-1035(問合せ先)敦賀市水道部下水道課電話：0770-22-8145,9:00～16:30ただし、水曜日(祝日の場合はその翌日)および年末年始はお休みです,136.07379 : 35.66375,,,,
大野市,第3弾,2016/12/1,本願清水イトヨの里,福井県大野市糸魚町8-44,電話：0779-65-5104,9：00～17：00ただし、月曜日、祝日の翌日、年末年始はお休みです,136.49103 : 35.97533,,,,
勝山市(A001),第04弾,2017/4/3,勝山市長尾山総合公園 管理事務所,福井県勝山市村岡町寺尾51-11,電話：0779-88-8777,9：00～17：00ただし、年末年始（12/29～1/2）はお休みです,136.50621 : 36.08131,,,,
勝山市(B001),第22弾,2024/4/26,道の駅恐竜渓谷かつやま,福井県勝山市荒土町松ヶ崎1-1,7電話:0779-89-2234,9:00～17:00ただし、第2・第3火曜日、年末年始（12月30日～1月1日）はお休みです,136.4745 : 36.07356,,,,
越前市,第8弾,2018/8/11,越前和紙の里　卯立の工芸館,福井県越前市新在家町9-21-2,電話：0778-43-7800（問い合わせ先）越前市役所建設部下水道課電話：0778-22-7922,9：30～17：00　ただし、火曜日はお休みです,136.24449 : 35.91147,,,,
高浜町,第12弾,2020/4/25,高浜町上水道センター（上下水道課）,福井県大飯郡高浜町東三松34-3-1,電話:0770-72-3611,9:00～17:00,135.52037 : 35.48882,,,,
甲府市,第08弾,2018/8/11,武田氏館跡歴史館（信玄ミュージアム）,山梨県甲府市大手3丁目1-14,（問い合わせ先）甲府市上下水道局 経営企画課電話：055-228-3319,9：00～16：00必ず休館日をご確認ください。配布場所の休館日を含む施設情報については、こちらからご確認ください。,138.57693 : 35.68449,,,,
甲府市,第12弾,2020/4/25,甲府市立図書館,山梨県甲府市城東1丁目12-33,（問い合わせ先）甲府市上下水道局 経営企画課電話：055-228-3319,10：00～17：00必ず休館日をご確認ください。配布場所の定休日・期間については、こちら（リンク先の休館日情報）からご確認ください。,138.58157 : 35.65956,,,,
都留市,第21弾,2023/12/15,【平日】都留市上下水道課下水道担当【土日祝日】道の駅つる,【平日】山梨県都留市上谷1丁目1-1【土日祝日】山梨県都留市大原88,【平日】電話:0554-43-1111(内線：416、417、418)【土日祝日】電話:0554-43-1110,【平日】8：30～17：15ただし、年末年始(12/29～1/3)はお休みです【土日祝日】9：00-17：30(4～12月)9：00-17：00（1～3月）ただし、年末年始(12/31、1/1)はお休みです,138.90588 : 35.55202,138.9317 : 35.58335,,,
大月市,第21弾,2023/12/15,【平日】大月市役所花咲庁舎地域整備課【土日祝日】大月市観光協会,【平日】山梨県大月市大月町花咲1608-19【土日祝日】山梨県大月市大月一丁目1-33,【平日】電話:0554-20-1855【土日祝日】電話:0554-22-2942,【平日】8：30～17：15【土日祝日】9：00～17：00ただし、年末年始（12/29～1/3はお休みです,138.9325 : 35.6068,138.94247 : 35.61322,,,
南アルプス市,第13弾,2020/12/17,道の駅しらね,山梨県南アルプス市在家塚595-1,（問合せ先）南アルプス市企業局総務課電話：055-282-2082,8：30～17：00ただし、年末年始（12月29日～1月3日）は定休日です,138.47066 : 35.63789,,,,
甲斐市（A001）,第2弾,2016/8/1,【平日】甲斐市役所　上下水道工務課窓口【土日祝】甲斐市立竜王図書館,【平日】山梨県甲斐市篠原2534番地1（水道事務所2階）【土日祝】山梨県甲斐市篠原2610番地12,【平日】電話：055-278-1670【土日祝】055-278-0811,【平日】8：30～17：15【土日祝】9：30～18：00ただし、年末年始（12/29～1/3）はお休みです,138.5159 : 35.65993,138.51543 : 35.66033,,,
甲斐市（B001）,第9弾,2018/12/14,甲斐市立双葉図書館,山梨県甲斐市下今井230,電話：0551-20-3669(問い合わせ先)甲斐市役所　公営企業部　上下水道工務課電話：055-278-1670,【平日】10：00～19：00(市内小中学校夏季休業期間中は9：00開館)【土日及び火・木曜日の祝日】9：00～17：00ただし、毎週月曜日、 国民の休日(ただし、土・日・火・木曜日に重なる日を除く)、年末年始(12/29～1/4)、 蔵書点検期間(6月初旬)、月末整理日(毎月最終平日。12月は28日。その日が土・日曜日に当たる場合はその前の金曜日)はお休みです,138.48697 : 35.68614,,,,
上野原市,第3弾,2016/12/1,【平日】上野原市役所 生活環境課 下水道担当【土日・祝日】ふらっと上野原,【平日】山梨県上野原市上野原3832【土日・祝日】山梨県上野原市新田946,【平日】電話：0554-62-3114【土日・祝日】電話：0554-62-3150,【平日】8：30～17：15【土日祝日】8:30～17:00ただし、年末年始はお休みです,139.10857 : 35.62998,139.11697 : 35.61834,,,
中央市,第2弾,2016/8/1,中央市役所 上下水道課,山梨県中央市臼井阿原301-1（南館）,電話：055-274-8555,8：30～17：15ただし、土日、祝日、年末年始はお休みです※令和７年２月２０日より土日配布します,138.5172 : 35.59998,,,,
富士河口湖町,第16弾,2022/1/15,【平日】富士河口湖町役場水道課【土日】富士河口湖町生涯学習館,【平日】山梨県南都留郡富士河口湖町船津1700【土日】山梨県南都留郡富士河口湖町船津1754,【平日】電話：0555-72-1620【土日】電話：0555-73-1212,【平日】9：00～17：00【土日】9：30～17：00ただし、祝祭日、年末年始（12/29-1/3）はお休みです※土日については、こちら（リンク先の「図書館カレンダー」）から開館状況をご確認のうえ、ご来館ください。,138.75479 : 35.49701,138.75479 : 35.49701,,,
富士河口湖町(B001),第19弾,2023/4/28,道の駅かつやま,山梨県南都留郡富士河口湖町勝山3758-1,電話:0555-72-5633,【平日】9：00～16：00【土日祝日】9：00～16：30,138.73447 : 35.50416,,,,
富士河口湖町(C001),第24弾,2024/12/20,西湖ネイチャーセンター,山梨県南都留郡富士河口湖町西湖2068,電話:0555-82-3111,【3月20日～11月30日】9:00～16:30【12月1日～3月19日】9:30～16:00ただし、【12月～2月】毎週水曜日及び12月31日はお休みです,138.66805 : 35.49438,,,,
長野県（流域下水道・A001）,第01弾,2016/4/1,【平日】豊田終末処理場（クリーンレイク諏訪）管理本館１階ロビー【休日】豊田終末処理場（クリーンレイク諏訪）管理本館1階受付窓口,長野県諏訪市大字豊田字湖畔1866-1,電話：0266-58-2955,【平日】8：30～17：15【休日】8：30～10：00、13：00～17：00土日、祝日及び年末年始休業に配布します,138.05618 : 36.00677,,,,
長野県（流域下水道・B001）,第03弾,2016/12/1,長野県犀川安曇野流域下水道事務所,長野県安曇野市豊科田沢6709,電話：0263-73-6571,8：30～17：15,137.93271 : 36.30215,,,,
長野県（流域下水道・C001）,第11弾,2019/12/14,千曲川流域下水道事務所上流処理区終末処理場,長野県長野市真島町川合1060-1,電話：026－283－4170,9:00～17:00,138.22316 : 36.61103,,,,
長野県（流域下水道・D001),第23弾,2024/7/26,安曇野市観光情報センター,長野県安曇野市穂高5952-3,電話:0263-82-9363,【4月～10月】9:00～17:30【11月～3月】9:00～17:00ただし、年末年始はお休みです,137.88252 : 36.34018,,,,
長野市,第14弾,2021/4/25,長野市観光情報センター,長野県長野市栗田北河原1038-4　JR長野駅構内（東西自由通路）,電話:026-226-5626(問合せ先)長野市上下水道局総務課電話:026-224-5070,9:00〜18:00（無休）,138.19426 : 36.63842,,,,
松本市,第6弾,2017/12/9,松本市観光情報センター,長野県松本市大手3-8-13 松本市役所大手事務所（1階）,電話：0263-39-7176,9：00～17：45ただし、年末年始はお休みです,137.96947 : 36.23684,,,,
上田市(A001),第18弾,2023/1/28,上田市観光会館2階観光案内所,長野県上田市大手2-8-4,電話：0268-23-5408(問合せ先)上田市上下水道局下水道課電話：0268-75-1091,9:00～17:00ただし、年末年始はお休みです,138.24748 : 36.40302,,,,
上田市(B001),第20弾,2023/7/28,ゆきむら夢工房,長野県上田市真田町長6090番地1,電話:0268-72-2204,9：00～17：00ただし、年末年始はお休みです,138.307566 : 36.440633,,,,
岡谷市,第12弾,2020/4/25,【平日】岡谷市役所 建設水道部水道課【土日祝日】岡谷蚕糸博物館(シルクファクトおかや),【平日】長野県岡谷市幸町8-1 市役所庁舎4階【土日祝日】⻑野県岡谷市郷田1-4-8,【平日】電話:0266-23-4811(代表)【土日祝日】電話:0266-23-3489,【平日】9:00〜17:00ただし年末年始は配布しません【土日祝日】9:00〜17:00ただし休館日（水曜日、祝日の翌日、年末年始）は配布しません,138.051551 : 36.073413,138.04948 : 36.069983,,,
飯田市(A001),第10弾,2019/8/7,【平日】飯田市役所上下水道局下水道課【休日】飯田市役所本庁舎当直室,長野県飯田市大久保町2534,電話：0265-22-4511,【平日】8：30～17：15【休日】8：30～17：15,137.8219 : 35.51448,,,,
飯田市(B001),第13弾,2020/12/17,遠山郷土館和田城,長野県飯田市南信濃和田1192,電話：0260-34-2355（問合せ先）飯田市役所上下水道局下水道課電話：0265-22-4511,9:00～16:00ただし、木曜日（祝日を除く）、年末年始（12月29日～1月3日）、祝日の翌日（土日を除く）はお休みです,137.96988 : 35.32602,,,,
諏訪市,第11弾,2019/12/14,諏訪市観光案内所,長野県諏訪市諏訪1-1-18　ＪＲ上諏訪駅内,電話：0266-58-0120(問合せ先)諏訪市水道局施設課下水道係電話：0266-52-4141,9:00～17:30ただし、年末年始(12月29日～1月3日)はお休みです,138.11636 : 36.04742,,,,
小諸市(A001),第06弾,2017/12/9,【平日】小諸市役所 下水道課窓口（市庁舎2階）【休日】小諸市役所 宿日直室（市庁舎1階）,長野県小諸市相生町三丁目3-3,電話：0267-22-8579【休日】電話：0267-22-1700,8：30～17：15,138.4254 : 36.32714,,,,
小諸市(B001),第19弾,2023/4/28,市立小諸図書館,長野県小諸市相生町三丁目3番3号 こもろプラザ1階,電話:0267-22-1019＜図書館休館日＞【木曜日】小諸市役所下水道課長野県小諸市相生町三丁目3番3号電話:0267-22-1700【年末年始】小諸市役所日直長野県小諸市相生町三丁目3番3号,9:00～18:00ただし、毎週木曜日と年末年始はお休みです図書館休館日は下記の時間に配布します【木曜日】8:30～17:15【年末年始】8:30～17:15,138.4254 : 36.32714,,,,
伊那市(A001),第11弾,2019/12/14,みはらしの湯,長野県伊那市西箕輪3480−1,電話：0265-76-8760【みはらしの湯休館日】伊那市役所長野県伊那市下新田3050番地電話：0265-78-4111(問合せ先)伊那市役所水道部水道整備課電話：0265-96-8156,11:00～20:00ただし、毎月第1、3、5火曜日（祝祭日と重なった場合は翌日）はお休みです【みはらしの湯休館日】8:30〜17:00,137.90453 : 35.88245,,,,
伊那市(B001),第12弾,2020/4/25,高遠さくらホテル,長野県伊那市高遠町勝間217,電話:0265-94-2200(問合せ先)伊那市役所水道部水道整備課電話:0265-96-8156,6:00～22:00(年中無休),138.06757 : 35.82465,,,,
伊那市(C001),第14弾,2021/4/25,道の駅　南アルプスむら,長野県伊那市長谷非持1400番地,電話:0265-98-2955(問合せ先)伊那市役所水道部水道整備課電話:0265-96-8156,8:00～17:30ただし、年末年始はお休みです,138.10431 : 35.81392,,,,
駒ヶ根市,第16弾,2022/1/15,駒ヶ根市駅市民サービスコーナー,長野県駒ヶ根市東町1,電話：0265-81-0120(問合せ先)駒ヶ根市役所建設部上下水道課下水道係電話：0265-83-2111（平日のみ）,10：00～18：30ただし、年末年始（12月29日から1月3日）はお休みです,137.9368 : 35.73635,,,,
大町市,第9弾,2018/12/14,大町市観光協会,長野県大町市大町3200,電話：0261-22-0190(問い合わせ先)大町市役所上下水道課電話：0261-22-0420,8：30～17：15ただし、年末年始（12/30～1/3）はお休みです,137.87062 : 36.52463,,,,
飯山市,第5弾,2017/8/1,高橋まゆみ人形館,長野県飯山市飯山2941-1,電話:0269-67-0139,【4月～11月】9:00～17:00【12月～3月】10:00～16:00ただし、毎週水曜日(祝日の場合は開館)と、年末年始(12/29～1/3)はお休みです,138.36249 : 36.85593,,,,
茅野市,第6弾,2017/12/9,茅野市観光案内所,長野県茅野市ちの3506,電話：0266-72-2637,9：00～17：30ただし、年末年始（12/30～1/3）はお休みです,138.15196 : 35.99455,,,,
佐久市(A001),第11弾,2019/12/14,プラザ佐久,長野県佐久市佐久平駅東1番地1,電話：0267-68-7433,8:00～20:00,138.46454 : 36.27776,,,,
佐久市(B001),第15弾,2021/8/17,道の駅　ほっとぱ～く・浅科,長野県佐久市甲2177-1,電話：0267-58-0581（問合せ先）佐久市環境部下水道課電話：0267-63-0101,【12月～3月】10:00～17:00【4月～11月】 9:00～18:00,138.40433 : 36.25761,,,,
佐久市(C001),第18弾,2023/1/28,道の駅 ヘルシーテラス佐久南,長野県佐久市伴野7-1,電話：0267-78-3383,10:00～17:00,138.440753 : 36.23618,,,,
佐久市(D001),第24弾,2024/12/20,岩村田商店街（十三くら）,長野県佐久市岩村田764-1,電話:0267-78-3346,15:30～18:00※10:00～15:30は岩村田商店街（寺子屋）にて配布します。寺子屋は十三くらの40ｍ南側にあります。ただし、日曜日はお休みです,138.47868 : 36.27331,,,,
千曲市（A001）,第7弾,2018/4/28,千曲市総合観光会館,長野県千曲市上山田温泉2-12-10,電話：026-261-0300,9：15～18：00ただし、年末年始（12/29～1/3）はお休みです,138.14449 : 36.47862,,,,
千曲市（B001）,第8弾,2018/8/11,千曲市戸倉創造館,長野県千曲市大字戸倉2305番地1,電話：026-275-6700（問い合わせ先）千曲市役所建設部上下水道課電話：026-273-1111※令和7年3月17日から配布場所を下記に変更します信州の幸（めぐみ）あんずホール（千曲市更埴文化会館）長野県千曲市杭瀬下一丁目64番地電話：026-273-1880,9：00～17：00ただし、毎週月曜日（祝祭日の場合は火曜日）、休日の翌日、年末年始（12月28日～1月3日）はお休みです※令和7年3月17日から配布時間を下記に変更します9:00～17:00ただし、毎週月曜日（祝日は開館)、祝日の翌日、年末年始(12月28日～1月3日)はお休みです。,138.14803 : 36.48672,,,,
千曲市(C001),第11弾,2019/12/14,千曲市戸倉創造館,長野県千曲市大字戸倉2305番地1,電話：026-275-6700(問合せ先)千曲市役所建設部上下水道課電話：026-273-1111,9:00～17:00ただし、毎週月曜日（祝祭日の場合は火曜日)、休日の翌日、年末年始(12月28日～1月3日)はお休みです,138.14803 : 36.48672,,,,
東御市,第19弾,2023/4/28,道の駅　雷電くるみの里,長野県東御市滋野乙4524-1,電話:0268-63-0963（問合せ先）東御市都市整備部上下水道課下水道係電話:0268-64-5874,8:00～18:00ただし、年末年始はお休みです,138.37425 : 36.35564,,,,
安曇野市,第14弾,2021/4/25,【平日】安曇野市役所下水道課窓口【休日】安曇野市役所庁舎管理室,長野県安曇野市豊科6000番地,【平日】電話:0263-71-3182【休日】電話:0263-71-2000,【平日】8：30～17：15【休日】9：00～17：00,137.90901 : 36.28867,,,,
下諏訪町(A001),第14弾,2021/4/25,【通常】下諏訪観光案内所,長野県諏訪郡下諏訪町5317(JR下諏訪駅構内),電話：0266-28-2231【上記の定休日】秋宮前観光案内所長野県諏訪郡下諏訪町3574電話：0266-28-8668,【通常】9：30～16：30ただし、水曜日及び年末年始(12/29～1/3)はお休みです【定休日】10：00～15：00,138.08006 : 36.06958,,,,
下諏訪町(B001),第22弾,2024/4/26,しもすわ今昔館おいでや,長野県諏訪郡下諏訪町3289,電話:0266-27-0001（問合せ先）下諏訪町役場 建設水道課 下水道温泉管理係電話:0266-27-1111,【3月〜11月】 9:00〜17:00【12月〜2月】 9:00〜16:00ただし、年末年始(12/29～1/3)はお休みです,138.08006 : 36.06958,,,,
下諏訪町(C001),第23弾,2024/7/26,おんばしら館よいさ,長野県諏訪郡下諏訪町168-1電話:0266-26-0413,（問合せ先）下諏訪町役場建設水道課下水道温泉管理係電話:0266-27-1111,【3月〜11月】 9:00〜17:00【12月〜2月】 9:00〜16:00（1/3は10:00～15:00）ただし、年末年始(12/29～1/2)はお休みです,138.08006 : 36.06958,,,,
南箕輪村,第12弾,2020/4/25,道の駅大芝高原　味工房,長野県上伊那郡南箕輪村2358番地5,電話:0265-76-0054(問合せ先)南箕輪村役場建設水道課電話:0265-72-2326,9：30 ～ 18：00　(11月～3月は17：00まで)ただし、毎週水曜日と年末年始はお休みです,137.97508 : 35.87285,,,,
高森町(A001),第16弾,2022/1/15,【平日】高森町役場環境水道課【土日祝日】高森町役場日直室,長野県下伊那郡高森町下市田2183番地1,【平日】電話：0265-35-9409【土日祝日】電話：0265-35-3111,【平日】9：00～17：00【土日祝日】9：00～17：00,137.87766 : 35.55231,,,,
高森町(B001),第22弾,2024/4/26,【平日】高森町教育委員会【土日祝日】高森町立図書館,【平日】長野県下伊那郡高森町下市田2183番地1【土日祝日】長野県下伊那郡高森町下市田2183番地1,【平日】電話:0265-35-9416【土日祝日】電話:0265-35-9434（問合せ先）【平日】高森町役場環境水道課電話:0265-35-9409【土日祝日】高森町役場宿直室電話:0265-35-3111,【平日】9：00～17：00【土日祝日】10：00～18：00ただし休館日（毎週月曜日、第一水曜日、年末年始、蔵書点検期間）は配布しません,137.87766 : 35.55231,137.87766 : 35.55231,,,
南木曽町,第11弾,2019/12/14,妻籠観光案内所,長野県木曽郡南木曽町吾妻2196-1,電話：0264-57-3123,9：00～16：00,137.60396 : 35.56511,,,,
大桑村,第14弾,2021/4/25,大桑村役場,長野県木曽郡大桑村大字長野880-1,電話：0264-55-3080,8:30～17:15（年中無休）,137.76695 : 35.69608,,,,
朝日村,第9弾,2018/12/14,朝日村役場,長野県東筑摩郡朝日村大字古見1555-1,電話：0263-99-2001【平日】建設環境課窓口【土日祝】休日通用門（建物裏側）,【平日】8：30～17：15【土日祝】8：30～17：15,137.80339 : 36.10241,,,,
筑北村,第18弾,2023/1/28,【火曜日以外】西条温泉とくら【火曜日】筑北村役場建設課上下水道係,【火曜日以外】長野県東筑摩郡筑北村西条3443番地【火曜日】長野県東筑摩郡筑北村西条4195番地,【火曜日以外】電話：0263-66-2114【火曜日】0263-66-2111（代表）,【火曜日以外】10：00～20：30ただし、令和5年2月22日は休業のため、お休みです【火】8：30～17：15,137.99475 : 36.40327,137.99475 : 36.40327,,,
小布施町,第22弾,2024/4/26,【平日】小布施町役場建設水道課上下水道係窓口【休日】小布施町役場宿日直室,【平日】長野県上高井郡小布施町大字小布施1491-2【休日】長野県上高井郡小布施町大字小布施1491-2,【平日】電話:026-214-9106【休日】記載無し,8：30～17：15,138.31357 : 36.69767,138.31357 : 36.69767,,,
大垣市,第8弾,2018/8/11,奥の細道むすびの地記念館,岐阜県大垣市船町2-26-1,電話：0584-84-8430（問い合わせ先）大垣市水道部下水道課電話：0584-47-8459,9：00～17：00,136.61206 : 35.35611,,,,
高山市(A001),第09弾,2018/12/14,【平日】高山市役所　水道部下水道課（2階）【休日】高山市役所当直室,岐阜県高山市花岡町2丁目18番地,電話：0577-35-3150【休日】電話：0577-32-3333,8：30～17：15,137.25197 : 36.14604,,,,
高山市(B001),第11弾,2019/12/14,奥飛騨温泉郷観光案内所（新穂高センター内）,岐阜県高山市奥飛騨温泉郷神坂710番地9,電話：0578-89-2458,【4月～10月】　10：00～17：00【11月～3月】　10：00～16：00,137.60228 : 36.30419,,,,
高山市(C001),第13弾,2020/12/17,高山市国府支所,岐阜県高山市国府町広瀬町880番地1,電話：0577-72-3111,8：30～17：15,137.21498 : 36.21123,,,,
高山市(D001),第14弾,2021/4/25,高山市荘川支所,岐阜県高山市荘川町新渕430番地1,電話:05769-2-2211,8：30～17:15,136.96324 : 36.0321,,,,
高山市(E001),第15弾,2021/8/17,高山市一之宮支所,岐阜県高山市一之宮町3100番地,電話：0577-53-2211,8：30～17：15,137.20126 : 36.0524,,,,
高山市(F001),第17弾,2022/8/6,【平日】高山市役所久々野支所基盤産業課窓口【休日】高山市役所久々野支所当直室窓口,岐阜県高山市久々野町無数河580番地1,電話：0577-52-3111,8：30～17：15,137.25122 : 36.04424,,,,
高山市(G001),第18弾,2023/1/28,【通常】道の駅ひだ朝日村【上記の休業日】高山市朝日支所基盤産業課窓口,【通常】岐阜県高山市朝日町万石150番地【上記の休業日】岐阜県高山市朝日町万石800番地,【通常】電話：0577-55-3777【上記の休業日】電話：0577-55-3311(問合せ先)高山市朝日支所電話：0577-55-3311,【通常】10：00～16：00ただし、水曜日（祝祭日は翌日）はお休みです【上記の休業日】8:30～17：15道の駅ひだ朝日村の休業日に配布します,137.34854 : 36.07484,137.34854 : 36.07484,,,
高山市(H001),第20弾,2023/7/28,高山市丹生川支所,岐阜県高山市丹生川町坊方2000番地,電話:0577－78ー1111,8:30～17:15,137.31006 : 36.17046,,,,
高山市(I001),第22弾,2024/4/26,【平日】高山市清見支所基盤産業課窓口【休日】高山市清見支所当直室窓口,岐阜県高山市清見町三日町305番地,電話:0577-68-2211,8:30～17:15,137.19101 : 36.12234,,,,
関市,第8弾,2018/8/11,【平日】関市役所基盤整備部 下水道課【休日】関市役所北庁舎 守衛室,岐阜県関市若草通3-1,電話：0575-23-7708,8：30～17：15,136.91789 : 35.49541,,,,
中津川市,第5弾,2017/8/1,中津川市観光センター・にぎわい特産館,岐阜県中津川市栄町1-1,電話：0573-62-2277,8：30～18：00ただし、年末年始（12/29～1/3）はお休みです,137.50394 : 35.50116,,,,
恵那市(A001),第21弾,2023/12/15,恵那市観光物産館　観光案内所,岐阜県恵那市大井町286番地25,電話:0573-25-4058,9：00～18：00ただし、12/29～1/4はお休みです,137.40906 : 35.45643,,,,
恵那市(B001),第24弾,2024/12/20,いわむら街並みふれあいの館（岩村町観光協会）,岐阜県恵那市岩村町263番地2,電話:0573-43-3231,9：00～16：00ただし、年末年始（12月28日～1月4日）はお休みです,137.43925 : 35.36018,,,,
美濃加茂市,第8弾,2018/8/11,【平日】美濃加茂市あじさいパーク 蜂屋川クリーンセンター【休日】みのかも観光案内所,【平日】岐阜県美濃加茂市加茂野町鷹之巣2158-2【休日】岐阜県美濃加茂市太田町立石2484 美濃太田駅南口1F,【平日】電話：0574-28-4743【休日】電話：0574-28-7717（問い合わせ先）美濃加茂市建設水道部 上下水道課電話：0574-28-1143,【平日】9：00～17：00【休日】9：00～16：00ただし、年末年始（12/29～1/3）はお休みです,136.96715 : 35.47198,137.01617 : 35.44511,,,
各務原市,第19弾,2023/4/28,岐阜かかみがはら航空宇宙博物館,岐阜県各務原市下切町5丁目1,電話:058-386-8500（問い合わせ先）各務原市観光交流課電話：058-383-9925,10:00～17:00ただし、毎月第１火曜日（８月は開館）と年末年始（12/28～1/2）はお休みですその他、メンテナンスや気象条件により臨時休館する場合があります,136.86028 : 35.38734,,,,
瑞穂市,第2弾,2016/8/1,【平日】瑞穂市役所 巣南庁舎 下水道課【土日祝日】瑞穂市民センター 1階,【平日】岐阜県瑞穂市宮田300-2【土日祝日】岐阜県瑞穂市別府1300-3,【平日】電話：058-327-2114【土日祝日】電話：058-327-8448,【平日】8：30～17：15ただし、年末年始（12/29～1/3）はお休みです。【土日祝日】9：00～21：00ただし、年末年始（12/29～1/3）はお休みです。,136.64514 : 35.40501,136.68996 : 35.39176,,,
飛騨市（A001）,第09弾,2018/12/14,飛騨古川まつり会館,岐阜県飛騨市古川町壱之町14番5号,電話：0577-73-3511(問い合わせ先)飛騨市役所商工観光部観光課電話：0577-73-7463（平日のみ）,9：00～17：00(12月～3月は9:00～16:30)年中無休,137.18542 : 36.237,,,,
飛騨市（B001）,第10弾,2019/8/7,道の駅スカイドーム神岡,岐阜県飛騨市神岡町夕陽ヶ丘6,電話:0578-82-6777（問い合わせ先）神岡振興事務所市民振興課電話:0578-82-2253,9:00～17:00ただし、水曜日及び年末年始はお休みです,137.30708 : 36.3288,,,,
郡上市（A001）,第05弾,2017/8/1,郡上八幡駅 観光案内所,岐阜県郡上市八幡町城南188-54,電話：0575-67-9039(問い合わせ先) 郡上市役所環境水道部水道総務課 電話:0575-67-1129,9:00～17:00ただし、年末年始（12/29～1/3）はお休みです,136.94916 : 35.74332,,,,
郡上市（B001）,第10弾,2019/8/7,道の駅古今伝授の里やまと,岐阜県郡上市大和町剣１６４番地,電話:0575-88-2525（問い合わせ先）郡上市役所環境水道部水道総務課電話:0575-67-1129,9:00～18:00ただし、毎週火曜日(祝日の場合は翌平日) 及び12月31日と1月1日はお休みです,136.89177 : 35.83135,,,,
郡上市(C001),第13弾,2020/12/17,郡上八幡旧庁舎記念館,岐阜県郡上市八幡町島谷520-1,（問合せ先）郡上市役所環境水道部水道総務課電話：0575-67-1129,8:30～17:00ただし、12月29日～1月3日はお休みです※イベント開催・設備点検等で臨時休館となる場合があります,136.96022 : 35.75013,,,,
郡上市(D001),第24弾,2024/12/20,道の駅 美並物産館,岐阜県郡上市美並町上田2605,電話:.0575-79-3886,8:00～17:00※季節･天候により予告なく時間を変更する場合がありますただし、12月31日･1月1 日はお休みです,136.92686 : 35.62845,,,,
海津市,第21弾,2023/12/15,【平日】海津市役所上下水道課【土日祝日】岐阜県さぼう遊学館,【平日】岐阜県海津市海津町高須515番地【土日祝日】岐阜県海津市南濃町奥条無番地,【平日】電話:0584-53-1429【土日祝日】電話:0584-55-1110,【平日】8：30～17：15ただし、年末年始はお休みです【土日祝日】9：00～17：00ただし、休館日、年末年始はお休みです,136.63695 : 35.21983,136.58424 : 35.20499,,,
垂井町,第11弾,2019/12/14,【平日】垂井町役場上下水道課1【休日】垂井町役場宿日直室,岐阜県不破郡垂井町宮代2957-11,電話：0584-22-1151,終日,136.53729 : 35.36707,,,,
池田町（A001）,第1弾,2016/4/1,池田町役場 水道部 水道課,岐阜県揖斐郡池田町六之井1468-1,電話：0585-45-3111,8：30～17：15（年中無休）ただし、土日、祝日、年末年始に配布希望の方は、平日（8：30～17：15）に要予約,136.57378 : 35.44201,,,,
池田町（B001）,第2弾,2016/8/1,池田町役場 水道部 水道課,岐阜県揖斐郡池田町六之井1468-1,電話：0585-45-3111,8：30～17：15（年中無休）ただし、土日、祝日、年末年始に配布希望の方は、平日（8：30～17：15）に要予約,136.57378 : 35.44201,,,,
静岡市（A001）,第4弾,2017/4/3,【平日】静岡市上下水道局庁舎【休日】静岡市上下水道局庁舎１階 守衛室,【平日】静岡県静岡市葵区七間町15-1（上下水道局庁舎6階　上下水道経営企画課）【休日】静岡県静岡市葵区七間町15-1（守衛室）,【休日】守衛室電話：054-270-9119,8：30～17：15,138.37979 : 34.97234,138.37979 : 34.97234,,,
静岡市（B001）,第9弾,2018/12/14,清水駅前観光案内所（ＪＲ清水駅前）,静岡県静岡市清水区辻1丁目1-3-103　アトラス清水駅前1階,電話：054-367-9613(問い合わせ先)静岡市上下水道局経営管理部上下水道経営企画課電話：054-270-9119,9:00～13:00、14:00〜17:45ただし、年末年始（12/29～1/3）はお休みです,138.48839 : 35.02431,,,,
浜松市(A001),第04弾,2017/4/3,浜松市観光インフォメーションセンター,静岡県浜松市中区砂山町265-13（JR浜松駅構内）,電話：053-452-1634,9：00～19：00（年中無休）,137.72612 : 34.71087,,,,
浜松市(B001),第21弾,2023/12/15,犀ヶ崖資料館,静岡県浜松市中区鹿谷町25-10,電話:053-472-8383（問合せ先）浜松市役所上下水道部下水道工事課電話:053-474-7524,9：00～17：00ただし、月曜日（国民の祝日の場合はその翌日）及び国民の祝日の翌日、年末年始（12月29日～1月3日）はお休みです,137.72612 : 34.71087,,,,
沼津市(A001),第5弾,2017/8/1,【平日】沼津市役所 水道部 水道総務課【休日】沼津市役所 水道部庁舎 守衛室,静岡県沼津市御幸町16-1（水道部庁舎2階）,電話：055-934-4862,【平日】8：30～17：15上記以外の日時は、守衛室にて配布しますただし、年末年始はお休みです,138.8636 : 35.09556,,,,
沼津市(B001),第11弾,2019/12/14,沼津観光案内所,静岡県沼津市大手町1-1-1　沼津駅ビルアントレ２階,(問合せ先)沼津市水道部水道総務課電話：055-934-4862,10:00～18:00年中無休,138.86134 : 35.10342,,,,
熱海市（A001）,第8弾,2018/8/11,【平日】熱海市役所 下水道課【休日】熱海市役所 警備員室,静岡県熱海市中央町1-1（第2庁舎2階）,電話：0557-86-6526,8：30～17：15,139.07149 : 35.09624,,,,
熱海市（B001）,第9弾,2018/12/14,熱海市観光協会（ワカガエルステーション）,静岡県熱海市渚町2018-8親水公園レインボーデッキ内（初川寄り）,電話：0557-85-2222(問い合わせ先)熱海市役所公営企業部下水道課電話：0557-86-6526,9：00～17：00※年末年始は営業時間が異なりますのでご注意ください,139.07455 : 35.09432,,,,
三島市,第11弾,2019/12/14,三島観光案内所,静岡県三島市一番町16-1,（問い合わせ先）三島市都市基盤部下水道課電話：055-983-2662,9:00～17:00,138.91196 : 35.12656,,,,
富士宮市(A001),第12弾,2020/4/25,【平日】富士宮市役所下水道課【休日】富士宮市役所 1階東側 当直室,静岡県富士宮市弓沢町150,【平日】電話:0544-22-1174【休日】当直室電話:0544-22-1111,9:00～17:00ただし、年末年始（12/29～1/3）はお休みです,138.62112 : 35.22124,,,,
富士宮市(B001),第13弾,2020/12/17,富士宮駅前観光案内所,静岡県富士宮市中央町16番1号,（問合せ先）富士宮市役所　下水道課電話：0544-22-1174,【平日】9:00～17:00【休日】10:00～16:00ただし、年末年始（12/28～1/5）はお休みです,138.61371 : 35.22148,,,,
富士宮市(C001),第14弾,2021/4/25,寄って宮,静岡県富士宮市宮町1-1,電話:0544-29-7223※臨時休業時は富士宮市役所で臨時配布します。(問合せ先)富士宮市役所下水道課電話：0544-22-1174,10：00～15:00ただし、年末年始（12/27～1/5）はお休みです,138.61052 : 35.22545,,,,
伊東市,第11弾,2019/12/14,【通常】伊東温泉観光・文化施設「東海館」【東海館 休館日】伊東市観光案内所（伊東駅構内）,【通常】静岡県伊東市東松原町12-100557-36-2004【東海館 休館日】静岡県伊東市湯川3-12-10557-37-6105,(問合せ先)伊東市役所下水道課電話：0557-32-1821,9:00～20:30ただし、毎月第3火曜日（祝祭日の場合は翌日）はお休みです【東海館 休館日】9:00～17:00,139.09714 : 34.97164,139.09222 : 34.97526,,,
富士市(A001),第1弾,2016/4/1,【平日】富士市役所 上下水道部 上下水道営業課【休日】富士市役所北口警備室,【平日】静岡県富士市本市場441-1(静岡県富士総合庁舎6階)【休日】静岡県富士市永田町1-100,【平日】電話：0545-67-2829【休日】電話：0545-51-0123,【平日】8：30～17：15【休日】9：00～16：00ただし、年末年始（12/29～1/3）はお休みです,138.66182 : 35.15673,138.67621 : 35.16121,,,
富士市(B001),第13弾,2020/12/17,【平日】岳南排水路管理組合総務課業務係【休日】富士市役所北口警備室,【平日】静岡県富士市今泉654-1【休日】静岡県富士市永田町1-100,【平日】電話：0545-51-2667【休日】電話：0545-51-0123（問合せ先）岳南排水路管理組合総務課業務係電話：0545-51-2667,【平日】8：30～17：15【休日】9：00～16：00ただし、年末年始（12/29～1/3）はお休みです,138.70296 : 35.1527,138.67621 : 35.16121,,,
磐田市,第7弾,2018/4/28,磐田市観光協会,静岡県磐田市中泉1-1-5（JR磐田駅北口）,電話：0538-33-1222（問い合わせ先）磐田市環境水道部 上下水道総務課電話：0538-58-3086,9：00～18：00ただし、毎週月曜日（月曜が祝日の場合はその翌日）、年末年始（12/29～1/・3）はお休みです,137.85327 : 34.71163,,,,
焼津市,第6弾,2017/12/9,焼津市観光協会,静岡県焼津市栄町1-2-14,電話：054-626-6266,8：30～17：15,138.31883 : 34.87143,,,,
掛川市,第11弾,2019/12/14,掛川城公園（掛川城券売所）,静岡県掛川市掛川1138番地の24,電話：0537-22-1146,9:00～16:30,138.01419 : 34.7752,,,,
藤枝市,第8弾,2018/8/11,藤枝市郷土博物館・文学館,静岡県藤枝市若王子500,電話：054-645-1100（問い合わせ先）藤枝市環境水道部下水道課 藤枝市浄化センター電話：054-644-8184,9：00～17：00（入館は16：30まで）ただし、月曜日、祝日の翌日、年末年始(12/28～1/4)はお休みです,138.25629 : 34.87621,,,,
御殿場市,第9弾,2018/12/14,御殿場市富士山交流センター富士山樹空の森,静岡県御殿場市印野1380-15,電話：0550-80-3776,9:00～17：00(12月～2月は9:00～16：00)ただし、火曜日（火曜日が祝日の場合は翌日）はお休みです,138.86806 : 35.29685,,,,
下田市,第20弾,2023/7/28,道の駅開国下田みなと（２Ｆ下田市観光協会事務局）,静岡県下田市外が岡1-1,電話:0558-22-1531,8:30～17:00,138.95105 : 34.67479,,,,
湖西市,第19弾,2023/4/28,新居関所史料館,静岡県湖西市新居町新居1227-5,電話:053-594-3615（問合せ先）湖西市役所　環境部　下水道課電話:053-574-2211,9：00～16：30ただし、毎週月曜日（祝日の場合は配布可能）と年末年始（12/26～1/2）はお休みです８月は無休です,137.56133 : 34.69477,,,,
伊豆の国市,第11弾,2019/12/14,伊豆の国市観光案内所,静岡県伊豆の国市南條780-3,(問合せ先)伊豆の国市下水道課055-948-2920,9:00～16:00,138.94763 : 35.03981,,,,
南伊豆町,第3弾,2016/12/1,南伊豆町観光協会,静岡県賀茂郡南伊豆町下賀茂157-1,電話：0558-62-0141,9：00～17：00（年中無休）,138.86621 : 34.65008,,,,
長泉町(A001),第08弾,2018/8/11,【平日】長泉町上下水道課【休日】長泉町日直室,静岡県駿東郡長泉町中土狩828,電話：055-989-5524,9：00～17：00,138.89674 : 35.13825,,,,
長泉町(B001),第24弾,2024/12/20,ウエルピアながいずみ健康づくりセンター,静岡県駿東郡長泉町納米里549,電話:055-989-5510（問合せ先）長泉町上下水道課電話:055-989-5524,9：00～17：00ただし、毎月第3月曜日・12月28日～1月4日はお休みです,138.89528 : 35.14133,,,,
小山町,第8弾,2018/8/11,小山町町観光協会(道の駅ふじおやま内),静岡県駿東郡小山町用沢72-2,電話：0550-76-5000,8：30～18：00,138.9501 : 35.34484,,,,
吉田町,第13弾,2020/12/17,しらすのまどぐち,静岡県榛原郡吉田町片岡2499番地の2,電話：0548-32-9285（問合せ先）吉田町役場　上下水道課電話：0548-33-1100,9:00～16:00ただし、月曜日（祝日の場合は翌日）と年末年始の12月28日～1月5日はお休みです,138.24759 : 34.77895,,,,
森町,第19弾,2023/4/28,【平日】森町役場上下水道課【土日祝日】森町役場（日直）,【平日】静岡県周智郡森町森2101-1【土日祝日】静岡県周智郡森町森2101-1,【平日】電話:0538-85-6327【土日祝日】電話:0538-85-2111,9:00～17:00ただし、年末年始はお休みです。詳しくは市のHPをご確認ください。,137.92592 : 34.83561,137.92592 : 34.83561,,,
愛知県（流域下水道）,第9弾,2018/12/14,愛知県下水道科学館,愛知県稲沢市平和町須ケ谷長田295-3,電話：0567-47-1551,9：30～17：00ただし、月曜日（月曜日が祝日の場合は翌日）、年末年始はお休みです,136.75365 : 35.23245,,,,
名古屋市（A001）,第1弾,2016/4/1,メタウォーター下水道科学館なごや（名古屋市下水道科学館）,愛知県名古屋市北区名城1-3-3,電話：052-911-2301,9：30～16：30ただし、月曜日（祝日の場合は翌平日）、年末年始はお休みですなお、駐車場はありません,136.90186 : 35.19161,,,,
名古屋市（B001）,第2弾,2016/8/1,水の歴史資料館,愛知県名古屋市千種区月が丘1-1-44,電話：052-723-3311,9:30～16:30ただし、月曜日（祝日の場合は翌平日）、年末年始（12/29～1/3）はお休みです※臨時休館日についてはHPをご確認ください,136.95723 : 35.1749,,,,
豊橋市（A001）,第2弾,2016/8/1,豊橋観光案内所,愛知県豊橋市花田町西宿無番地（豊橋駅構内）,電話：0532-33-9531,9：00～18：00ただし、1/1はお休みです,137.3815 : 34.76345,,,,
豊橋市（B001）,第2弾,2016/8/1,豊橋市役所 じょうほうひろば,愛知県豊橋市今橋町1（東館1階）,電話：0532-51-2037,【平日】8:30～17:00ただし、土日、祝日、年末年始はお休みです,137.39218 : 34.76978,,,,
豊橋市（C001）,第2弾,2016/8/1,こども未来館ここにこ,愛知県豊橋市松葉町3-1,電話：0532-21-5525,9：30～17：00ただし、水曜日（水曜日が祝日の場合は開館、翌平日が休館となります）、年末年始はお休みです,137.3838 : 34.76844,,,,
岡崎市(A001),第02弾,2016/8/1,三河武士のやかた家康館,愛知県岡崎市康生町561,電話：0564-24-2204,9：00～17：00（入館は16:30まで）ただし、年末（12/29～12/31）はお休みです,137.15926 : 34.95614,,,,
岡崎市(B001),第11弾,2019/12/14,岡崎市観光協会（籠田案内所）,愛知県岡崎市康生通東2丁目47番地,電話:0564-64-1637,9：00～17：00ただし、年末年始はお休みです,137.1657 : 34.9584,,,,
岡崎市(C001),第13弾,2020/12/17,道の駅藤川宿,愛知県岡崎市藤川町字東沖田44番地,電話：0564-66-6031,9：00〜18：00,137.21719 : 34.91439,,,,
岡崎市(D001),第14弾,2021/4/25,カクキュー八丁味噌の郷,愛知県岡崎市八帖町字往還通69,電話:0564-21-1355,9：00〜16：00ただし、年末年始はお休みです,137.15251 : 34.95758,,,,
岡崎市(E001),第15弾,2021/8/17,奥殿陣屋　書院内,愛知県岡崎市奥殿町雑谷下10番地,電話：0564-45-7230,9:30～16:30ただし、毎週月曜日（祝日の場合は翌日）、年末年始はお休みです,137.1945 : 35.02938,,,,
岡崎市(F001),第17弾,2022/8/6,まるや八丁味噌,愛知県岡崎市八帖町字往還通52,電話：【平日】0564-22-0222【休日】0564-22-0678,9：00～17：00ただし、年末年始はお休みです,137.15201 : 34.95655,,,,
岡崎市(G001),第21弾,2023/12/15,りぶら市民活動センター,愛知県岡崎市康生通西4丁目71番地岡崎市図書館交流プラザりぶら２階,電話:0564-23-3114（問合せ先）岡崎市上下水道局上下水道部下水道工事課電話:0564-23-6547,9：00～21：00（12：00～13：00、18：00～19：00は除く）ただし、毎週水曜日及び年末年始はお休みです,137.15919 : 34.95946,,,,
一宮市,第4弾,2017/4/3,一宮市立中央図書館（尾張一宮駅前ビル（i-ビル）6階）,愛知県一宮市栄3-1-2,電話:0586-72-2343,9:00〜21:00ただし、休館日は以下の通りです・第1、第3月曜日（祝休日の場合を除く）・祝休日の翌日（土・日・祝休日の場合を除く）・年末年始（12/29〜1/4）・その他臨時休館があります,136.79753 : 35.30264,,,,
瀬戸市(A001),第03弾,2016/12/1,瀬戸観光案内所,愛知県瀬戸市栄町45（パルティせと1階）,電話：0561-84-1997,10：00～17：00ただし、年末年始（12/28～1/4）はお休みです,137.09787 : 35.2253,,,,
瀬戸市(B001),第19弾,2023/4/28,新世紀工芸館,愛知県瀬戸市南仲之切町81-2,電話:0561-97-1001（問合せ先）瀬戸市都市整備部下水道課電話:0561-85-1173,10:00～18:00ただし、火曜日休館（祝日の場合は翌平日）、年末年始はお休みです※年6回程度館内清掃・点検のため午前中休館があります,137.10184 : 35.22465,,,,
半田市(A001),第09弾,2018/12/14,【平日】半田市役所水道部下水道課【休日】半田市役所時間外窓口,愛知県半田市東洋町二丁目1番地,電話：0569-84-0675,【平日】8:30～17:15(水曜日は8:30～19:15)休日は時間外窓口にて配布しますただし、年末年始はお休みです,136.93788 : 34.89209,,,,
半田市(B001),第11弾,2019/12/14,半田赤レンガ建物,愛知県半田市榎下町8番地,電話:0569-24-7031,9:00～17:00ただし、年末年始及び臨時休館日（3ヵ月月に1日程度）はお休みです,136.92851 : 34.90171,,,,
半田市(C001),第16弾,2022/1/15,クラシティ(1階),愛知県半田市広小路町155番地の3,電話：0569-47-9400,10：00～18：00ただし、年末年始（12月31日～1月3日）及び毎月第4水曜日（祝日の場合はその翌日）はお休みです,136.92699 : 34.89394,,,,
豊川市,第1弾,2016/4/1,豊川市観光案内所,愛知県豊川市旭町8,電話：0533-89-2411,10：00～15：00（年中無休）ただし、お盆、年末はお休みです,137.39456 : 34.82404,,,,
津島市,第17弾,2022/8/6,【平日】津島市水道お客さまセンター【休日】津島市観光交流センター,【平日】愛知県津島市立込町2丁目21番地【休日】愛知県津島市本町1丁目52番地1,【平日】電話：0567-55-9738【休日】電話：0567-25-2701,【平日】8：30～17：15【休日】9：00～17：00,136.74136 : 35.17706,136.72319 : 35.17876,,,
碧南市,第9弾,2018/12/14,【平日】碧南市役所下水道課【火曜日～日曜日、祝日】碧南市藤井達吉現代美術館,【平日】愛知県碧南市松本町28番地【火曜日～日曜日、祝日】愛知県音羽町1丁目1番地,【平日】電話：0566-41-3311【火曜日～日曜日、祝日】電話：0566-48-6602,【碧南市役所下水道課(平日)】8:30～17:15【碧南市藤井達吉現代美術館(火曜日～日曜日、祝日)】10:00～17:00ただし、年末年始はお休みです,136.99348 : 34.88484,137.30444 : 34.85855,,,
刈谷市,第14弾,2021/4/25,刈谷駅前観光案内所(刈谷市産業振興センター１階),愛知県刈谷市相生町1-1-6,電話:0566-45-5833(問合せ先)刈谷市役所水資源部下水道課電話:0566-62-1029,10:00～18:00ただし、毎月第2水曜日（祝日にあたる場合は翌日）及び年末年始（12月29日～翌1月3日）はお休みです,137.01053 : 34.99117,,,,
豊田市（A001）,第02弾,2016/8/1,三州足助屋敷,愛知県豊田市足助町飯盛36,電話：0565-62-1188,9：00～17：00ただし、毎週木曜日（祝日の場合はその翌日）、年末年始（12/22～1/2）はお休みです※4/29～5/5までの期間及び11月は無休で配布します,137.31821 : 35.13535,,,,
豊田市（B001）,第10弾,2019/8/7,コンテナ－ニシマチ6,愛知県豊田市西町6丁目81番地4,電話:0565-85-0226（問い合わせ先）豊田市下水道建設課電話：0565-34-6624,10:00～17:00ただし、毎週月曜日（祝日、振替休日の場合も）、年末年始及びお盆は休みです。,137.15482 : 35.08663,,,,
豊田市(C001),第23弾,2024/7/26,KiTARA グリーン棟2F 夢現屋,愛知県豊田市喜多町2丁目170番地　KiTARA グリーン棟2F 夢現屋,電話:0565-31-6977（問合せ先）豊田市下水道建設課電話:0565- 34-6624,10：30～16：30　(休憩時間11:30～12:30)ただし、1/1～1/3はお休みです。また、臨時休業の場合があります。,137.15747 : 35.08731,,,,
安城市(A001),第03弾,2016/12/1,安城市図書情報館,愛知県安城市御幸本町12-1（アンフォーレ内）,電話：0566-76-6111,【平日】9：00～20：00【休日】9：00～18：00ただし、毎週火曜日（休日除く）、毎月第4金曜日、年末年始はお休みです※その他特別図書整理期間など臨時休館あり,137.08383 : 34.95897,,,,
安城市(B001),第19弾,2023/4/28,安城市歴史博物館,愛知県安城市安城町城堀30番地,電話:0566-77-6655（問合せ先）安城市役所上下水道部下水道課経営係電話:0566-71-2247,9：00～17：00ただし、毎週月曜日（祝日を除く）、年末年始、臨時休館日はお休みです,137.09827 : 34.94557,,,,
西尾市,第20弾,2023/7/28,【平日】西尾市水道庁舎（３階）上下水道経営課【土日祝】西尾市役所　当直室,【平日】愛知県西尾市丁田町五助18番地【土日祝】愛知県西尾市寄住町下田22番地,【平日】電話:0563-65-2191【土日祝】電話:0563-56-2111,【平日】9：00～17：00【土日祝】9：00～17：00ただし、年末年始（12/29～1/3）はお休みです,137.06326 : 34.86179,137.06198 : 34.86209,,,
蒲郡市,第21弾,2023/12/15,海辺の文学記念館,愛知県蒲郡市竹島町15番62号,電話:0533-67-0070（問合せ先）蒲郡市役所上下水道部下水道課電話:0533-66-1140,9：00～17：00,137.23489 : 34.81548,,,,
犬山市,第9弾,2018/12/14,【平日】犬山市役所 本庁舎2階　下水道課【休日】犬山市役所 本庁舎1F宿直,愛知県犬山市大字犬山字東畑36番地,電話：【平日】0568-44-0337【休日】0568-61-1800,9:00～17:00,136.94415 : 35.37911,,,,
常滑市,第23弾,2024/7/26,登窯広場展示工房館,愛知県常滑市栄町６丁目145番地,電話:0569-35-0292,9:30～16：30ただし、水曜日（祝日の場合は営業）はお休みです,136.83989 : 34.88574,,,,
江南市,第12弾,2020/4/25,【平日】江南市下般若配水場２階下水道課【土日祝日】江南市下般若配水場1階　宿直室,愛知県江南市般若町中山146番地,電話：0587-54-1111,【平日】8:30～17：15【土日祝日】8:30～17：00ただし、年末年始はお休みです,136.88599 : 35.36557,,,,
小牧市,第13弾,2020/12/17,小牧駅前観光案内所,愛知県小牧市中央一丁目260番地,電話：0568-39-6123(問合せ先)小牧市役所上下水道経営課電話:0568-79-1305,9:00～17:00ただし、毎週木曜日と12/29〜1/３はお休みです,136.92799 : 35.28923,,,,
稲沢市,第5弾,2017/8/1,稲沢市役所 上下水道庁舎,愛知県稲沢市石橋六丁目82,電話：0587-21-4199,8:30～17:15ただし、土日、祝日、年末年始はお休みです,136.77757 : 35.2607,,,,
大府市,第10弾,2019/8/7,大府市健康にぎわいステーション　KURUTOおおぶ,愛知県大府市中央町三丁目278番地（JR大府駅構内）,電話：0562-51-4329（問い合わせ先）大府市役所下水道課電話：0569-45-6239,10:00～18:00ただし、毎月1日（1日が土・日・祝日の場合は翌平日）及び年末年始（12/29-1/3）はお休みです,136.9624 : 35.0094,,,,
知多市,第13弾,2020/12/17,梅の館（佐布里緑と花のふれあい公園内）,愛知県知多市佐布里台3丁目101,電話：0562-54-2911,9：00～17：00ただし、毎週月曜（祝日の場合は翌平日）、年末年始はお休みです,136.88846 : 34.96755,,,,
知立市,第20弾,2023/7/28,【平日】知立市役所上下水道部下水道課【土日・祝日】知立市観光交流センター,【平日】愛知県知立市広見三丁目1番地【土日・祝日】愛知県知立市中町中128番地,【平日】電話:0566-95-0159【土日・祝日】電話:0566-55-6302,【平日】8：30～17：15ただし、年末年始はお休みです【土日・祝日】9：00～17：00ただし、年末年始はお休みです,137.05072 : 35.00149,137.04237 : 35.0076,,,
尾張旭市,第5弾,2017/8/1,尾張旭まち案内,愛知県尾張旭市東大道原田34-1（グリーンシティビル1階）,電話：0561-52-6500,10：00～18：00ただし、毎週木曜日（祝日を除く）、年末年始はお休みです,137.03764 : 35.21668,,,,
高浜市(A001),第04弾,2017/4/3,【平日】高浜市役所2階上下水道グループ【土日祝】高浜エコハウス,【平日】愛知県高浜市青木町4-1-2【土日祝】愛知県高浜市沢渡町4-6-2,【平日】電話:0566-52-1111【土日祝】電話:0566-52-2299（問合せ先）高浜市役所上下水道グループ（平日営業時間のみ対応）電話:0566-52-1111,【平日】8:30～17:15【土日】10:00～17:00ただし、月〜金の祝日、及び年末年始はお休みです※令和５年３月１日より、土日祝の配布時間が下記に変わります【土日祝】9:00～17：00ただし、年末年始は休みです,136.98747 : 34.92761,136.99518 : 34.93039,,,
高浜市(B001),第15弾,2021/8/17,高浜市やきものの里かわら美術館内ミュージアムショップ,愛知県高浜市青木町九丁目6番地18,電話：0566-52-3366,10：00～17：00ただし、月曜日・火曜日（祝日の場合は翌平日）及び年末年始はお休みです,136.98186 : 34.92315,,,,
豊明市,第5弾,2017/8/1,【平日】豊明市役所 下水道課【休日】豊明市役所 宿直室,愛知県豊明市新田町子持松1-1,【平日】電話：0562-92-1126【休日】電話：0562-92-1111,8：30～17：00※平日と休日で左記の通り配布窓口が異なりますのでご注意ください,137.01302 : 35.05384,,,,
愛西市,第21弾,2023/12/15,愛西市観光協会,愛知県愛西市森川町井桁西25番地1,電話:0567-55-9993,9：00～17：00ただし、毎週木曜日・年末年始（12/29～1/3）はお休みです,136.69395 : 35.14437,,,,
北名古屋市,第8弾,2018/8/11,【平日】北名古屋市 下水道課窓口【休日】北名古屋市歴史民俗資料館,【平日】愛知県北名古屋市西之保清水田15【休日】愛知県北名古屋市熊之庄御榊53,【平日】電話：0568-22-1111【休日】電話：0568-25-3600,【平日】8：30～17：15【休日】9：00～17:00（16：40までに入館受付をお済ませください）ただし、年末年始、月末日（歴史民俗資料館のみ）はお休みです,136.8662 : 35.24575,136.88547 : 35.25023,,,
弥富市,第18弾,2023/1/28,【月曜日以外】歴史民俗資料館【月曜日】弥富市役所　下水道課,【月曜日以外】愛知県弥富市前ケ須町南本田347【月曜日】愛知県弥富市前ケ須町南本田335,【月曜日以外】電話：0567-65-4355【月曜日】電話：0567-65-1111（問合せ先）弥富市役所　下水道課電話：0567-65-1111,【月曜日以外】9：00～17：00年末年始（12月29日～1月3日）はお休みです【月曜日】８：30～17：15祝日、年末年始（12月29日～1月3日）はお休みです,136.72446 : 35.10933,136.72484 : 35.1102,,,
みよし市,第14弾,2021/4/25,【平日】みよし市役所下水道課【休日】みよし市役所夜間受付,愛知県みよし市三好町小坂50番地,【平日】電話:0561-32-8022【休日】電話:0561-32-2111（問合せ先）みよし市役所下水道課（平日営業時間のみ対応）電話:0561-32-8022,【平日】8：30～17：15【休日】24時間,137.07485 : 35.089308,,,,
みよし市(B001),第19弾,2023/4/28,みよし市ビジターセンター,愛知県みよし市三好丘二丁目2番1 カリヨンハウス1階,（問合せ先）みよし市下水道課電話:0561-32-8022,9：30～16：30ただし、月曜日（祝日の場合は翌日）と年末年始はお休みです,137.11052 : 35.12584,,,,
長久手市,第5弾,2017/8/1,長久手市文化の家　窓口,愛知県長久手市野田農201,電話：0561-61-3411※文化の家が改修・休館するため、令和７年２月から１２月頃まで（工事終了まで）配布場所を下記に変更しますリニモテラス公益施設愛知県長久手市勝入塚205番地電話：0561-57-1599,9：00～17：00ただし、月曜日（祝日の場合はその翌日）、年末年始はお休みです※文化の家が改修・休館するため、令和７年２月から１２月頃まで（工事終了まで）配布時間を下記に変更します9:00～21:00ただし、月曜日はお休みです,137.0379 : 35.18286,,,,
豊山町,第6弾,2017/12/9,豊山町役場 建設課窓口,愛知県西春日井郡豊山町大字豊場字新栄260,（問い合わせ先）豊山町役場建設課 下水道係電話：0568-28-0940,8：30～17：15ただし、年末年始はお休みです土日、祝日に配布をご希望される方は、平日（8：30～17：15）に電話予約が必要です,136.91199 : 35.25057,,,,
扶桑町,第11弾,2019/12/14,【平日】扶桑町役場下水道課【休日】扶桑町役場宿直室,愛知県丹羽郡扶桑町大字高雄字天道330,電話：0587－93－1111,【平日】8:30～17:15【休日】8:30～17:15,136.91321 : 35.35933,,,,
大治町,第15弾,2021/8/17,【平日】大治町役場建設部下水道課窓口【土日祝】大治町公民館2階窓口,【平日】愛知県海部郡大治町大字馬島字大門西1-1【土日祝】愛知県海部郡大治町大字馬島字大門西10,【平日】電話：052-444-2711【土日祝】電話：052-443-2671（問合せ先）大治町役場建設部下水道課電話：052-444-2711（内線140・157）,【平日】8：30～17：15ただし、土日祝日及び年末年始(12/29～1/3)はお休みです【土日祝日】9：00～17：00ただし、月曜日及び年末年始(12/29～1/3)はお休みです※役場の閉庁日と公民館の休館日が重なったときは、配布ができません,136.82007 : 35.1748,136.81964 : 35.17479,,,
蟹江町,第10弾,2019/8/7,【平日】蟹江町水道事務所（蟹江町上下水道部下水道課）【月曜日以外①】蟹江町歴史民俗資料館【月曜日以外②】蟹江町観光交流センター　祭人,【平日】愛知県海部郡蟹江町学戸一丁目225番地【月曜日以外①】愛知県海部郡蟹江町城一丁目214番地【月曜日以外②】愛知県海部郡蟹江町大字須成字川西上371番地,電話：0567-95-1500【月曜日以外①】電話：0567-95-3812【月曜日以外②】電話：0567-58-3310,【平日】8：30〜17：00※ただし、年末年始はお休みです。【月曜日以外①】歴史民俗資料館9:00〜17:00※ただし、年末年始はお休みです※月曜日が祝日の場合は、翌日がお休みです【月曜日以外②】蟹江町観光交流センター　祭人9：00〜17：00※ただし、年末年始はお休みです※月曜日が祝日の場合は、翌日がお休みです,136.78183 : 35.13579,136.79036 : 35.1368,,,
阿久比町,第8弾,2018/8/11,【平日】阿久比町役場建設経済部 上下水道課【休日】阿久比町 宿直室,愛知県知多郡阿久比町大字卯坂字殿越50,電話：0569-48-1111,8：30～17：15,136.9149 : 34.93278,,,,
東浦町,第9弾,2018/12/14,【平日】東浦町役場　上下水道課【休日】東浦町役場　当直室,愛知県知多郡東浦町大字緒川字政所20番地,電話：0562-83-3111,【平日】8：45～16：00（水曜日は8：45～20：00）【休日】８：30～17：15,136.96501 : 34.97667,,,,
武豊町,第13弾,2020/12/17,【通常】まちの駅『味の蔵たけとよ』【休館日】武豊町商工会,【通常】愛知県知多郡武豊町忠白田11-1【休館日】愛知県知多郡武豊町忠白田11-1,【通常】電話：0569-73-6002【休館日】電話：0569-73-1100,【通常】9:00～18：00火曜～日曜(月曜祝日の場合は営業)に配布します【休館日】8：30～17：15まちの駅『味の蔵たけとよ』の休館日（月曜(祝日の場合は翌平日)）に配布しますただし、年末年始はお休みです,136.92361 : 34.84347,136.92361 : 34.84347,,,
設楽町,第15弾,2021/8/17,【平日】設楽町役場　生活課【土日祝日】設楽町役場宿直室,【平日】愛知県北設楽郡設楽町田口字辻前14番地【土日祝日】愛知県北設楽郡設楽町田口字辻前14番地,【平日】電話：0536-62-0522【土日祝日】電話：0536-62-0511,【平日】9：00～17：00ただし、年末年始はお休みです【土日祝日】9：00～17：00ただし、年末年始はお休みです,137.57228 : 35.0991,137.57228 : 35.0991,,,
四日市市（A001）,第5弾,2017/8/1,【通常】そらんぽ四日市 総合受付【休館日】四日市市上下水道局総務課,【通常】三重県四日市市安島1-3-16（そらんぽ四日市1階）【休館日】三重県四日市市堀木1-3-18,【通常】電話：059-355-2700【休館日】電話：059-354-8350,【通常】9：30～17：00ただし、月曜日（祝日の場合はその翌日）、年末年始はお休みです※土曜日は19：30まで配布しています※月曜日は一部開館する日もございます※年4回（各1週間程度）、整備休館があります【休館日】8：30 ～17：15ただし、年末年始を除く平日のみ配布します,136.61618 : 34.96802,136.61406 : 34.97208,,,
四日市市（B001）,第9弾,2018/12/14,お休み処四十三茶屋　観光案内所（四日市観光協会）,三重県四日市市安島1-1-56 四日市物産観光ホール内,電話：059-357-0381,10:00～19:00ただし、年末年始はお休みです※臨時休業する場合があります,136.61783 : 34.96826,,,,
四日市市(C001),第13弾,2020/12/17,四日市市上下水道局2階総務課,三重県四日市市堀木一丁目3番18号,電話：059-354-8350,8:30～17:15※土日・祝日は夜間休日窓口で配布します。,136.61406 : 34.97208,,,,
伊勢市(A001),第7弾,2018/4/28,伊勢市駅観光案内所,三重県伊勢市吹上1-1-4（JR伊勢市駅構内）,電話：0596-65-6091,9：00～17：30（年中無休）,136.70959 : 34.4917,,,,
伊勢市(B001),第12弾,2020/4/25,二見浦観光案内所,三重県伊勢市二見町茶屋111-1 二見生涯学習センター内,電話:0596-43-2331,8:30～17:00(年中無休),136.777339 : 34.506127,,,,
松阪市(A001),第3弾,2016/12/1,【平日】松阪市上下水道部 1階 上下水道総務課【休日】松阪市役所1階 当直室,【平日】三重県松阪市殿町1340番地1（松阪市本庁舎第3分館）【休日】三重県松阪市殿町1340番地1,【平日】電話：0598-53-4371【休日】電話:0598-53-4100,8：30～17：15,136.52745 : 34.57808,136.52745 : 34.57808,,,
松阪市(B001),第11弾,2019/12/14,【通常】豪商のまち松阪　観光交流センター【12/30～1/2】松阪市役所１階当直室,【通常】三重県松阪市魚町1658番地3【12/30～1/2】三重県松阪市殿町1340番地1,【通常】電話：0598－25－6565【12/30～1/2】電話：0598－53－4100(問合せ先)松阪市上下水道部上下水道総務課電話：0598－53－4371,【3月～11月】9:00～18:00【12月～2月】9:00～17:00【12/30～1/2】8:30～17:15,136.52905 : 34.57888,136.52745 : 34.57808,,,
松阪市(C001),第23弾,2024/7/26,松阪市総合運動公園 管理事務所,三重県松阪市山下町111,電話:0598-28-6757（問合せ先）松阪市上下水道部 上下水道総務課電話:0598-53-4371,8：30～17：15ただし、月曜日（祝日の場合はその翌日）、祝日の翌日（土・日・祝日の場合は営業）、年末年始（12月29日～1月3日）はお休みです,136.57388 : 34.54283,,,,
松阪市(D001),第24弾,2024/12/20,松浦武四郎記念館,三重県松阪市小野江町383,電話:0598-56-6847（問合せ先）松阪市上下水道部上下水道総務課電話:0598-53-4371,9：00～16：30ただし、月曜日（祝日の場合はその翌日）、祝日の翌平日（土・日・祝日の場合は開館）、年末年始（12月29日～1月3日）、展示替え期間中（2か月ごとの火～木曜日）はお休みです,136.50969 : 34.64281,,,,
桑名市(A001),第06弾,2017/12/9,桑名市物産観光案内所,三重県桑名市有楽町59,電話：0594-21-5416,9：00～17：00ただし、年末年始（12/29～1/3）はお休みです,136.68475 : 35.06758,,,,
桑名市(B001),第16弾,2022/1/15,桑名市住吉浦休憩施設,三重県桑名市太一丸地先,電話：0594-23-3010,9：00~17：00ただし、年末年始はお休みです,136.69247 : 35.07013,,,,
鈴鹿市,第6弾,2017/12/9,【平日】鈴鹿市上下水道局【休日】鈴鹿市観光協会,【平日】三重県鈴鹿市寺家町1170【休日】三重県鈴鹿市白子駅前17-12,電話：059-368-1662,【平日】8：30～17：15【休日】9：30～18：00ただし、年末年始はお休みです,136.57135 : 34.83273,136.58914 : 34.83524,,,
亀山市,第4弾,2017/4/3,関まちなみ資料館,三重県亀山市関町中町482,電話：0595-96-2404,9：00～16：30ただし、毎週月曜日（祝日または振替休日の場合は翌日）、年末年始（12/29～1/3）はお休みです,136.39371 : 34.85209,,,,
志摩市,第24弾,2024/12/20,【平日・土日祝】安乗岬園地休憩舎【土日祝】志摩市観光協会,【平日・土日祝】三重県志摩市阿児町安乗794-1【土日祝】三重県志摩市阿児町鵜方1670-2 近鉄鵜方駅改札階,【平日・土日祝】電話：0599-77-3267【土日祝】電話:0599-46-0570（問合せ先）志摩市上下水道部下水道課電話:0599-44-0225」（平日のみ）,【平日・土日祝】9：30～16：00臨時休業等の情報についてはこちらからご確認ください【土日祝】9:00〜17:00※年末年始（12/29～1/3）も配布します。,136.906904 : 34.364805,136.82619 : 34.32925,,,
伊賀市,第5弾,2017/8/1,【平日】伊賀市上下水道部（伊賀市上下水道お客様センター）【休日】伊賀市役所,【平日】三重県伊賀市ゆめが丘七丁目4番地の4【休日】三重県伊賀市四十九町3184番地,【平日】電話：0595-24-0013【休日】電話：0595-22-9611,9：00～17：00（年中無休）,136.17245 : 34.74009,136.13574 : 34.74439,,,
東員町,第8弾,2018/8/11,【平日】東員町役場 上下水道課【休日】東員町役場守衛室,三重県員弁郡東員町大字山田1600,電話：0594-86-2812,8：15～17：00,136.5836 : 35.07445,,,,
菰野町,第06弾,2017/12/9,道の駅 菰野,三重県三重郡菰野町菰野2256,電話：059-394-0116,9：00～17：00,136.50301 : 35.01325,,,,
滋賀県（流域下水道）,第2弾,2016/8/1,淡海環境プラザ,滋賀県草津市矢橋字帰帆2108,電話：077-569-5306,9：00～16：30ただし、土日、祝日、年末年始、お盆等公益財団法人淡海環境保全財団が必要と認めた日はお休みです,135.92654 : 35.00645,,,,
大津市(A001),第05弾,2017/8/1,大津市水再生センター,滋賀県大津市由美浜1-1,電話：077-522-5300,9：00～17：00年末年始（12/29～1/3）はお休みです,135.8902 : 35.00275,,,,
大津市(B001),第21弾,2023/12/15,大津駅観光案内所,滋賀県大津市春日町1-3 ビエラ大津,電話:077-522-3830（問合せ先）大津市企業局経営戦略室電話:077-528-2863,9：00～18：00,135.86545 : 35.00318,,,,
彦根市（A001）,第6弾,2017/12/9,彦根市上下水道料金お客様サービスセンター,滋賀県彦根市元町4番2号（彦根市役所１階）,電話0749-27-2802（問い合わせ先）彦根市上下水道部下水道建設課電話0749-22-5232,【平日】8:30~19:00【土、日、祝日および12/29 ~12/31】9:00~17:00ただし、1/1~1/3はお休みです,136.25958 : 35.27462,,,,
彦根市（B001）,第6弾,2017/12/9,ひこね食賓館四番町ダイニング,滋賀県彦根市本町1-7-34,電話：0749-27-7755（問い合わせ先）彦根市役所上下水道部 下水道建設課電話：0749-22-5232,10:00~17:00,136.25156 : 35.27035,,,,
近江八幡市,第24弾,2024/12/20,白雲館（1F観光案内所）,滋賀県近江八幡市為心町元9番地1,電話:0748-32-7003,【平日・土曜】10：00～17：00（16：30受付終了）【日曜・祝日】9：00～17：00（16：30受付終了）ただし、年末年始（12/29～1/3）はお休みです,136.09105 : 35.13915,,,,
草津市（A001）,第03弾,2016/12/1,草津宿街道交流館,滋賀県草津市草津3-10-4,電話：077-567-0030,9：00～17：00ただし、毎週月曜日（祝日の場合はその翌日）、祝日の翌日（土・日と重なった場合は開館）、年末年始（12/28～1/4）、その他教育委員会が必要と認める日はお休みです。なお、毎週月曜（月曜が祝日の場合はその翌日）、祝日の翌日(土・日曜と重なった場合を除く)は市役所2階の上下水道総務課（滋賀県草津市草津三丁目13番30号、電話:077-561-2440）で開庁時間中（午前8時30分～午後5時15分）に配布しています。ただし、年末年始（12月29日～1月3日）その他市長が必要と認めた日はお休みです。,135.95915 : 35.0152,,,,
草津市（B001）,第09弾,2018/12/14,くさつ夢本陣,滋賀県草津市草津二丁目10-21,電話：077-563-3700,9:30～18:00ただし、年末年始（12/29～1/3）はお休みです※令和７年４月１日から配布時間が下記に変わります9:00〜17:00ただし、年末年始（12/29～1/3）はお休みです,135.95993 : 35.01646,,,,
草津市(C001),第23弾,2024/7/26,道の駅草津 グリーンプラザからすま,滋賀県草津市下物町1436番地,電話:077-568-1208,9:00〜18:00（7月〜8月は19：00まで）ただし、月曜日(祝日の場合は翌日) はお休みです（7月〜8月は無休）,135.94525 : 35.07055,,,,
守山市,第21弾,2023/12/15,守山市駅前総合案内所,滋賀県守山市梅田町1-9,電話:077-514-3765（問合せ先）守山市上下水道事業所　施設工務課電話:077-582-1128,7：30～19：30ただし、12月29日～１月3日はお休みです,135.99576 : 35.05079,,,,
栗東市,第9弾,2018/12/14,栗東観光案内所,滋賀県栗東市手原3丁目1-30（JR手原駅2階）,電話：077-551-0126(問い合わせ先)栗東市上下水道事業所電話：077-551-0135,【平日】8：30～17：15【土・日・祝日】8：30～12：00(こんぜめぐりちゃんバス運行期間中は17：00まで。詳しくは市HPをご確認ください。)ただし、年末年始（12/29～1/3）はお休みです※令和6年度は、12月28日〜1月5日はお休みです,136.00011 : 35.02731,,,,
甲賀市,第23弾,2024/7/26,甲賀地域市民センター,滋賀県甲賀市甲賀町相模173-1,（問合せ先）甲賀市役所下水道課電話:0748-69-2228,8:30～17:15,136.21539 : 34.9034,,,,
豊郷町,第9弾,2018/12/14,豊郷町観光案内所(豊郷小学校旧校舎群　酬徳記念館内),滋賀県犬上郡豊郷町大字石畑518,電話：0749-35-3737,9:00～17:00ただし、月曜日（祝日の場合は翌日）、年末年始（12/29～1/3）はお休みです,136.23318 : 35.20332,,,,
京都府（流域下水道・A001）,第3弾,2016/12/1,「道の駅 海の京都 宮津」観光案内所,京都府宮津市字浜町3007,電話：0772-25-1382,9：00～18:00（年中無休）,135.19341 : 35.53846,,,,
京都府（流域下水道・B001）,第5弾,2017/8/1,京都府立洛西浄化センター公園（アクアパルコ洛西）,京都府長岡京市勝竜寺山崎作り20-5,電話：075-951-9161,9：00～17：00（年中無休　12月28日～1月4日のみ休園）,135.70909 : 34.91049,,,,
京都市（A001）,第2弾,2016/8/1,京都市上下水道局総合庁舎　総合受付,京都府京都市南区上鳥羽鉾立町11番地3,（問合せ先）京都市上下水道局下水道部管理課電話：075-672-7834,10:00〜17:00ただし年末年始（12/29～1/3)はお休みです,135.7558 : 34.97007,,,,
京都市（A002）,第5弾,2017/8/1,京都市上下水道局　太秦庁舎　守衛室,京都府京都市右京区太秦安井一町目町14,（問合せ先）京都市上下水道局下水道部管理課電話：075-672-7834,10:00～17:00ただし年末年始（12/29～1/3)はお休みです,135.71791 : 35.01201,,,,
京都市(B001),第13弾,2020/12/17,琵琶湖疏水記念館,京都府京都市左京区南禅寺草川町17,電話：075-752-2530（問合せ先）京都市上下水道局下水道部管理課電話：075-672-7834,9:00～16：30ただし、毎週月曜日（祝日・休日の場合は翌平日）及び年末年始（12月29日～1月3日）はお休みです,135.78818 : 35.01185,,,,
舞鶴市(A001),第 8弾,2018/8/11,舞鶴赤レンガパーク,京都府舞鶴市字北吸1039-2,電話：0773-66-1096（問い合わせ先）舞鶴市上下水道部 下水道整備課電話：0773-66-1056,9：00～17：00ただし、年末年始（12/29～1/1）、臨時休館日はお休みです詳細は左記施設のHPをご確認ください,135.38145 : 35.47619,,,,
舞鶴市(B001),第12弾,2020/4/25,田辺城資料館,京都府舞鶴市字南田辺15-22,電話:0773-76-7211(問合せ先)舞鶴市上下水道部下水道整備課電話:0773-66-1056,9:00～17：00ただし、毎週月曜日、祝日の翌日、年末年始（12月29日～1月3日）はお休みです,135.33084 : 35.44566,,,,
舞鶴市(C001),第13弾,2020/12/17,赤れんが博物館,京都府舞鶴市字浜2011,電話：0773-66-1095（問合せ先）舞鶴市上下水道部下水道整備課電話：0773-66-1056,9:00～17：00ただし、年末年始（12月29日〜1月1日）はお休みです,135.3924 : 35.47974,,,,
綾部市,第15弾,2021/8/17,綾部市図書館,京都府綾部市青野町西馬場下35-1,電話：0773-42-6980,10:00～19:00（土日祝は18:00まで）ただし、毎週月曜日（祝日の場合は火曜日）、国民の祝日の翌日、毎月最終の火曜日（祝日の場合は水曜日）、年末年始、特別整理日はお休みです。,135.25305 : 35.30281,,,,
宇治市,第6弾,2017/12/9,宇治市観光センター,京都府宇治市宇治塔川2,電話：0774-23-3334,9：00～17：00ただし、年末年始（12/29～1/1）はお休みです,135.80894 : 34.88855,,,,
亀岡市(A001),第02弾,2016/8/1,亀岡市上下水道庁舎,京都府亀岡市安町釜ケ前20番地,電話：0771-25-6702,【平日】8：30～17：15【休日】9：00～17：00ただし、年末年始（12/29～1/3）はお休みです,135.57423 : 35.01328,,,,
亀岡市(B001),第13弾,2020/12/17,亀岡市文化資料館,亀岡市古世町中内坪1,(問合せ先)上下水道お客様センター京都府亀岡市安町釜ケ前20番地電話：0771-25-6702,9:00～17:00ただし、毎週月曜日と年末年始（12/28～1/4）はお休みです,135.58511 : 35.01403,,,,
向日市(A001),第05弾,2017/8/1,向日市文化資料館 受付カウンター,京都府向日市寺戸町南垣内40-1,電話：075-931-1182,10：00～17：30ただし、・休館日（毎週月曜日（休日の場合は開館し、直後の平日を休館））・資料整理日（毎月1日（土日月の場合は次の平日））・年末年始（12/28～1/4）はお休みです,135.69954 : 34.94962,,,,
向日市(B001),第19弾,2023/4/28,【火曜日以外】向日市観光交流センター 「まちてらすMUKO」【火曜日のみ】上植野浄水場 2階下水道課受付窓口,【火曜日以外】京都府向日市寺戸町瓜生22番地の1【火曜日のみ】京都府向日市上植野町久我田17番地の1,【火曜日以外】電話: 075-874-2031【火曜日のみ】電話:075-874-3477,【火曜日以外】9：30～17：00ただし、毎週火曜日（祝日の場合は翌日）及び年末年始（12/29～1/3）はお休みです。【火曜日のみ】8：30～17：00,135.70894 : 34.95721,135.713 : 34.93538,,,
長岡京市(A001),第05弾,2017/8/1,長岡京市上下水道部下水道施設課,京都府長岡京市開田1-1-1 市役所分庁舎2,電話：075-955-9723,【平日】9：00～17：00※土、日、祝日、12月28日～1月4日までは休みのため配布を行いません,135.69518 : 34.92667,,,,
長岡京市(B001),第18弾,2023/1/28,【平日】長岡京市役所上下水道部下水道施設課【土日祝日】長岡京市観光案内所,【平日】京都府長岡京市開田1-1-1 市役所分庁舎2【土日祝日】京都府長岡京市天神一丁目1番2号,【平日】電話：075-955-9723【土日祝日】電話：075-951-4500(問合せ先)長岡京市上下水道部下水道施設課電話：075-955-9723,【平日】8:30～17:15ただし、土日祝日、年末年始(12月29日～1月3日)はお休みです【土日祝日】9:00～17:00ただし、水曜日(4・5・6・11月は営業)、年末年始(12月28日～1月4日)はお休みです,135.69518 : 34.92667,135.6918 : 34.9257,,,
八幡市,第20弾,2023/7/28,八幡市観光案内所,京都府八幡市八幡高坊8-7,電話:075-981-1141,9：00～17：00ただし、6月～10月及び2月の月曜日はお休みです,135.70001 : 34.88485,,,,
京丹後市(A001),第11弾,2019/12/14,【平日】京丹後市上下水道部経営企画整備課【休日】京丹後市役所丹後庁舎日直,京都府京丹後市丹後町間人1780番地,電話：0772-69-0550,9：00-17：00,135.09399 : 35.72902,,,,
京丹後市(B001),第23弾,2024/7/26,山陰海岸ジオパーク京丹後市情報センター（道の駅てんきてんき丹後内）,京都府京丹後市丹後町竹野313番地の1,電話:0772-75-1411,9：00～17：00※12：30～13：30は昼休み（前後する場合あり）※第2，第4火曜日は休館（７月第4，8月第2は開館）※年末年始（12/31～1/3）はお休みです,135.11099 : 35.74215,,,,
大山崎町,第5弾,2017/8/1,【平日】大山崎町役場 環境事業部 上下水道課窓口【休日】大山崎ふるさとセンター2階,【平日】京都府乙訓郡大山崎町字円明寺小字夏目3【休日】京都府乙訓郡大山崎町字大山崎小字竜光3,【平日】電話：075-956-2101【休日】電話：075-952-6288,【平日】8：30～17：00ただし、土日、年末年始（12/28～1/3）はお休みです※大山崎町役場が休みの場合、大山崎ふるさとセンター2階にて配布します【休日】9：30～17：00ただし、毎週月曜日（祝日の場合はその翌日）、年末年始（12/28～1/4）はお休みです,135.6882 : 34.90223,135.68286 : 34.89299,,,
久御山町,第23弾,2024/7/26,【平日】久御山町役場事業環境部上下水道課(庁舎２階）【土日祝日】久御山町役場宿直室,京都府久世郡久御山町島田ミスノ38番地,【平日】電話:075-631-9987【土日祝日】電話:075-631-6111,9:00～17:00ただし、年末年始（12月29日～1月3日）はお休みです,135.73297 : 34.88255,,,,
宇治田原町,第2弾,2016/8/1,宇治田原町 上下水道課,京都府綴喜郡宇治田原町大字立川小字坂口18-1（宇治田原町役場２階）,電話：0774-88-3337,8：30～17：15ただし、土日、祝日、年末年始はお休みです,135.86157 : 34.85362,,,,
大阪府（流域下水道）,第2弾,2016/8/1,【平日】寝屋川流域下水道 鴻池水みらいセンター【休日】原田処理場（スカイランドHARADA管理事務所）,【平日】大阪府東大阪市北鴻池町1-18【休日】大阪府豊中市原田西町1-1,【平日】（管理棟）電話：06-6911-9595【休日】電話：06-6846-8181,【平日】9：00～17：30【休日】9：00～17：00ただし、年末年始（12/27～1/5）はお休みです,135.59474 : 34.70179,135.44888 : 34.76968,,,
大阪市（A001）,第01弾,2016/4/1,おおさかATCグリーンエコプラザ,大阪府大阪市住之江区南港北2-1-10（ATCビルITM棟11階西側）,10：00～17：00ただし、月曜日と年末年始（12/29〜1/3）はお休みです,こちらからご確認ください,135.4118 : 34.63719,,,,
大阪市（B001）,第05弾,2017/8/1,【平日】クリアウォーターOSAKA（株）本社 総務課【土日祝（月曜日は除く）】おおさかATCグリーンエコプラザ,【平日】大阪府大阪市中央区本町1-7-7(WAKITA堺筋本町ビル6階)【土日祝（月曜日は除く）】大阪府大阪市住之江区南港北2−1−10（ATCビルITM棟11階西側）,【平日】06-6121-6025,【平日】クリアウォーターOSAKA（株）本社 総務課※年末年始（12/29〜1/3）はお休みです【土日祝（月曜日は除く）】おおさかATCグリーンエコプラザ10：00〜17：00※年末年始（12/29〜1/3）はお休みです,135.50699 : 34.68332,135.4118 : 34.63719,,,
大阪市（C001）,第15弾,2021/8/17,大阪市下水道科学館,大阪府大阪市此花区高見1-2-53,記載無し,9：30～17：00（入館は16：30まで）ただし休館日は、毎週水曜日（水曜日が休日の場合は翌日）及び年末年始（12/29～1/3）です,135.46297 : 34.69181,,,,
堺市(A001),第01弾,2016/4/1,さかい利晶の杜 受付,大阪府堺市堺区宿院町西2-1-1（さかい利晶の杜1階）,記載無し,9：00～18：00ただし、年末年始（12/29～1/3）はお休みです,135.46997 : 34.57631,,,,
堺市(B001),第16弾,2022/1/15,堺東観光案内所,大阪府堺市堺区三国ヶ丘御幸通39-1,(問合せ先)堺市上下水道局経営企画室電話：0570-02-1132※堺市役所本館2階観光推進課では配布しませんので、ご注意ください,9:00～19:00ただし、年末年始（12/29～1/3）はお休みです,135.48471 : 34.57602,,,,
岸和田市(A001),第07弾,2018/4/28,岸和田駅前観光案内所,大阪府岸和田市宮本町1番12号,（問い合わせ先）岸和田市下水道河川部下水道河川総務課電話：072-423-9591,9：00～17：00ただし、年末年始（12/31～1/3）はお休みです,135.3782 : 34.46058,,,,
岸和田市(B001),第16弾,2022/1/15,道の駅「愛彩ランド」,大阪府岸和田市岸の丘町3-6-18,電話：072-444-8002(問合せ先)岸和田市下水道河川部下水道河川総務課電話：072-423-9591,10：00～17：00ただし、水曜日及び年末年始（12/31～1/3）はお休みです,135.42627 : 34.42278,,,,
岸和田市(C001),第20弾,2023/7/28,岸和田市二の丸広場観光交流センター,大阪府岸和田市岸城町7-22,（問合せ先）岸和田市下水道河川部下水道河川総務課電話：072-423-9591,9：00～18：00ただし、年末年始（12月29日～1月3日）はお休みです,135.37007 : 34.46016,,,,
豊中市,第3弾,2016/12/1,【平日】豊中市上下水道局 経営部 経営企画課(3F)【休日】豊中市上下水道局 警備員室(1F),大阪府豊中市北桜塚4-11-18,（問い合わせ先)豊中市上下水道局経営部経営企画課電話：06-6858-2921（平日のみ),9：00～17：15,135.47025 : 34.78793,,,,
池田市(A001),第6弾,2017/12/9,【火曜日以外】池田市観光案内所【火曜日のみ】池田市上下水道部経営企画課,【火曜日以外】大阪府池田市満寿美町2-7【火曜日のみ】大阪府池田市大和町1番10号,【火曜日以外】電話：072-737-7290【火曜日のみ】電話：072-754-6069（問い合わせ先）池田市上下水道部 経営企画課電話：072-754-6069,【火曜日以外】10:00～18:00ただし、火曜日（祝日の場合には翌平日）、年末年始はお休みです【火曜日のみ】9：00～17：00火曜日（祝日の場合には翌平日）のみ配布,135.42616 : 34.82017,135.42912 : 34.82265,,,
池田市(B001),第11弾,2019/12/14,【火曜日以外】大阪池田ゲストインフォメーション【火曜日のみ】池田市上下水道部経営企画課,【火曜日以外】大阪府池田市栄町1-1【火曜日のみ】大阪府池田市大和町1番10号,【火曜日以外】電話：080-4703-3584【火曜日のみ】電話：072-754-6069(問合せ先)池田市上下水道部経営企画課電話：072-754-6069,3月～5月に配布します　(春版)【火曜日以外】9：30～17：00ただし、火曜日(祝日の場合には翌平日)、年末年始はお休みです【火曜日のみ】9：00～17：00火曜日（祝日の場合には翌平日）のみ配布,135.42563 : 34.82182,135.42912 : 34.82265,,,
池田市(C001),第11弾,2019/12/14,【火曜日以外】大阪池田ゲストインフォメーション【火曜日のみ】池田市上下水道部経営企画課,【火曜日以外】大阪府池田市栄町1-【火曜日のみ】大阪府池田市大和町1番10号,【火曜日以外】電話：080-4703-3584【火曜日のみ】電話：072-754-6069(問合せ先)池田市上下水道部経営企画課電話：072-754-6069,6月～8月に配布します　(夏版)【火曜日以外】9：30～17：00ただし、火曜日(祝日の場合には翌平日)、年末年始はお休みです【火曜日のみ】9：00～17：00火曜日（祝日の場合には翌平日）のみ配布,135.42563 : 34.82182,135.42912 : 34.82265,,,
池田市(D001),第11弾,2019/12/14,【火曜日以外】大阪池田ゲストインフォメーション【火曜日のみ】池田市上下水道部経営企画課,【火曜日以外】大阪府池田市栄町1-1【火曜日のみ】大阪府池田市大和町1番10号,【火曜日以外】電話：080-4703-3584【火曜日のみ】電話：072-754-6069(問合せ先)池田市上下水道部経営企画課電話：072-754-6069,9月～11月に配布します　(秋版)【火曜日以外】9：30～17：00ただし、火曜日(祝日の場合には翌平日)、年末年始はお休みです【火曜日のみ】9：00～17：00火曜日（祝日の場合には翌平日）のみ配布,135.42563 : 34.82182,135.42912 : 34.82265,,,
池田市(E001),第11弾,2019/12/14,【火曜日以外】大阪池田ゲストインフォメーション【火曜日のみ】池田市上下水道部経営企画課,【火曜日以外】大阪府池田市栄町1-1【火曜日のみ】大阪府池田市大和町1番10号,【火曜日以外】電話：080-4703-3584【火曜日のみ】電話：072-754-6069(問合せ先)池田市上下水道部経営企画課電話：072-754-6069,12月～2月に配布します　(冬版)【火曜日以外】9：30～17：00ただし、火曜日(祝日の場合には翌平日)、年末年始はお休みです【火曜日のみ】9：00～17：00火曜日（祝日の場合には翌平日）のみ配布,135.42563 : 34.82182,135.42912 : 34.82265,,,
吹田市,第7弾,2018/4/28,千里ニュータウン情報館,大阪府吹田市津雲台1丁目2番1号　千里ニュータウンプラザ2階,電話：06-6155-3933,9:00〜17:30ただし、毎週月曜日（祝休日の場合はその翌日）、年末年始（12/29～1/3）はお休みです。,135.50832 : 34.79408,,,,
高槻市（A001）,第03弾,2016/12/1,【平日】高槻市役所 下水河川企画課【土日祝】JR高槻駅観光案内所（JR高槻駅中央改札階）,【平日】大阪府高槻市桃園町２番１号（本館７階）【土日祝】大阪府高槻市白梅町1番1号,【平日】電話：072-674-7432,【平日】8:45～17:15【土日祝】10:00～17:00ただし、年末年始（12/29～1/3）はお休みです,135.61739 : 34.84601,135.61969 : 34.85292,,,
高槻市（B001）,第08弾,2018/8/11,安満遺跡公園ボーネルンドパークセンター,大阪府高槻市八丁畷町12番3号,電話：072-648-4725,9：00～17：00ただし、年末年始（12/29～1/3）はお休みです,135.63031 : 34.85506,,,,
高槻市(C001),第19弾,2023/4/28,高槻城公園芸術文化劇場 南館,大阪府高槻市野見町6番,電話:072-671-1061,9:00～17:15ただし、毎週月曜日（月曜が休日の場合は次の日）、年末年始（12/29～1/3）はお休みです,135.61957 : 34.84414,,,,
貝塚市(A001),第09弾,2018/12/14,貝塚市歴史展示館,大阪府貝塚市半田138-1,記載無し,10：00～16:00ただし、火曜日、祝日（火曜日が祝日の場合は、その翌日も休館）、年末年始（12月29日～1月3日）はお休みです,135.370046 : 34.441844,,,,
貝塚市(B001),第21弾,2023/12/15,まちの駅かいづか,大阪府貝塚市海塚一丁目１番１号,電話:072-432-1244,10：00～19：00ただし、12月29日～1月3日はお休みです,135.35843 : 34.43769,,,,
守口市,第6弾,2017/12/9,【平日】守口市役所 環境下水道部 下水道課【休日】守口市役所 総合案内,大阪府守口市京阪本通2-5-5（5階南エリア）【休日】大阪府守口市京阪本通2-5-5（1階）,電話：06-6992-1747【休日】電話：06-6992-1221,9：00～17：30ただし、年末年始（12/29～1/3）はお休みです,135.561803 : 34.735647,,,,
枚方市,第11弾,2019/12/14,枚方市観光案内所Syuku56,大阪府枚方市岡東町19-1枚方モール１階,電話：072-896-7555,10：00～19：00ただし、枚方モールの休館日はお休みです,135.64618 : 34.81462,,,,
茨木市,第12弾,2020/4/25,茨木市文化・子育て複合施設 おにクル1階コンシェルジュ,大阪府茨木市駅前三丁目9番45号,(問合せ先)茨木市建設部下水道総務課電話:072-620-1665,9:00〜21:00ただし、第2・第4月曜日（祝日のときは翌日）、年末年始（12/29〜1/3）はお休みです※その他、イベント等により臨時閉館等行う場合があります,135.56938 : 34.81633,,,,
八尾市,第6弾,2017/12/9,【平日】八尾市下水道部　下水道経営企画課【休日】安中新田会所跡 旧植田家住宅,【平日】大阪府八尾市本町1-1-1【休日】大阪府八尾市植松1-1-25,【平日】電話：072-924-3883【休日】電話：072-992-5311,【平日】8：45～12：00、12：45～17：15【休日】9：00～17：00（入館は16：30まで）※ただし、年末年始はお休みです,135.60115 : 34.62653,135.59972 : 34.61551,,,
泉佐野市(A001),第06弾,2017/12/9,観光交流プラザ りんくうまち処,大阪府泉佐野市りんくう往来北1（りんくうタウン駅改札前）,電話：072-474-2056,9:00～20:00,135.29539 : 34.41449,,,,
泉佐野市(B001),第14弾,2021/4/25,【1】観光おもてなしプラザ　泉佐野まち処【2】泉佐野市観光情報センター,【1】大阪府泉佐野市上町3丁目8-12【2】大阪府泉佐野市上町3丁目11-47,【1】電話:072-469-0724【2】電話:072-458-3901,【1】11:00～19:00【2】10:00～16:00ただし、年末年始（12/29～1/3）はお休みです,135.31755 : 34.40983,135.31714 : 34.41121,,,
富田林市,第4弾,2017/4/3,観光交流施設きらめきファクトリー,大阪府富田林市本町19-8,電話：0721-24-5500（問合せ先）富田林市役所　上下水道部　下水道課電話　0721-25-1000（内線262）,10：00〜21：00ただし、年末年始はお休みです,135.60086 : 34.50377,,,,
寝屋川市,第8弾,2018/8/11,寝屋川市上下水道局 下水道事業室,大阪府寝屋川市本町15-1,電話：072-824-1181,9：00～17：30ただし、年末年始はお休みです,135.62627 : 34.76468,,,,
河内長野市,第6弾,2017/12/9,道の駅 奥河内くろまろの郷,大阪府河内長野市高向1218-1,電話：0721-56-9606（問い合わせ先）河内長野市役所上下水道部 下水道課電話：0721-53-1111,9：00～17：00※年末年始については、配布場所のHPをご確認ください,135.55067 : 34.43594,,,,
松原市,第14弾,2021/4/25,【平日】松原市観光協会（市役所6階）【休日】松原市役所宿直室（市役所1階）,大阪府松原市阿保1-1-1,【平日】電話：072-330-8201【休日】電話:072-334-1550(問合せ先)松原市上下水道部上下水道建設課【平日】072-334-1550（内線2762)【休日】072-334-1550,【平日、休日とも】9：00－17：30ただし、年末年始（12/29〜1/3）はお休みです,135.55159 : 34.57809,,,,
大東市,第4弾,2017/4/3,大東市上下水道局 総務課,大阪府大東市灰塚4-1-1,電話：072-871-1191,9：00～17：30ただし、土日、祝日、年末年始はお休みです,135.6143 : 34.70283,,,,
和泉市(A001),第03弾,2016/12/1,和泉市いずみの国 観光おもてなし処,大阪府和泉市府中町1-19-9（JR和泉府中駅前）,電話：0725-40-5552,10：00～18：00ただし、月曜日（祝日の場合はその翌日）、年末年始はお休みです,135.42403 : 34.48729,,,,
和泉市(B001),第14弾,2021/4/25,道の駅　いずみ山愛の里,大阪府和泉市仏並町398-1,（問合せ先）和泉市上下水道部下水道整備課電話：0725-99-8152(平日8：45～17：15),9：00－17：00ただし、年末年始はお休みです,135.48108 : 34.42004,,,,
箕面市,第6弾,2017/12/9,箕面交通・観光案内所,大阪府箕面市箕面1丁目1番1号　阪急箕面駅横,電話：072-723-2235,10：00～16：00(土日祝及び11月全日は9:00～17:00)ただし、毎週木曜日(祝日の場合は翌日)、12月28日～1月4日は休館です。,135.46829 : 34.83572,,,,
柏原市(A001),第07弾,2018/4/28,【平日】柏原市市役所別館　下水工務課【休日】柏原市民文化会館 リビエールホール,【平日】大阪府柏原市安堂町1-55（1階）【休日】大阪府柏原市安堂1-60,【平日】電話：072-972-1501【休日】電話：072-972-6681,9：00～17：00ただし、年末年始、臨時休館日はお休みです,135.62926 : 34.57809,135.63788 : 34.58168,,,
柏原市(B001),第19弾,2023/4/28,柏原市立歴史資料館,大阪府柏原市高井田1598-1,電話:072-976-3430,9:00～16:30ただし、月曜日（祝日の場合は開館）、年末年始、臨時休館はお休みです,135.64018 : 34.57304,,,,
柏原市(C001),第23弾,2024/7/26,柏原市民文化センター,大阪府柏原市上市4丁目1番27号,電話:072-971-0013,9:00～17:00ただし、年末年始（12月29日～1月3日）はお休みです,135.62477 : 34.58675,,,,
羽曳野市,第13弾,2020/12/17,【平日】羽曳野市下水道総務課【休日】古市駅前観光案内所,【平日】大阪府羽曳野市誉田4丁目1-1羽曳野市役所別館4F【休日】大阪府羽曳野市古市1丁目1-19,【平日】電話：072-958-1111(代)【休日】072-958-1111(内線2770),【平日】9：00～17：30※土日・祝祭日、年末年始(12月29日～1月3日)の配布は行っていません【休日】9：30～17：00ただし、年末年始等はお休みです,135.60609 : 34.55821,135.60983 : 34.55343,,,
門真市(A001),第07弾,2018/4/28,【平日】門真市環境水道部 お客さまセンター【休日】門真市泉町浄水場 当直室,大阪府門真市泉町7-23,電話：06-6903-2122,9：00～17：30ただし、年末年始（12月29日〜1月3日）はお休みです,135.58308 : 34.74234,,,,
門真市(B001),第21弾,2023/12/15,【平日】門真市役所環境水道部経営総務課(本館２階)【土日祝日】門真市役所宿直室(本館１階),【平日】大阪府門真市中町1-1,【平日】電話:06-6902-5873【土日祝日】電話:06-6902-1231,9：00～17：30ただし、年末年始（12月29日～１月３日）はお休みです,135.586985 : 34.739579,,,,
摂津市,第19弾,2023/4/28,【平日】摂津市上下水道部庁舎3階 下水道事業課【土日祝日】摂津市上下水道部庁舎1階,大阪府摂津市三島一丁目1番10号,【平日】下水道事業課電話:06-6383-7638【土日祝日】お客さま窓口電話:06-6383-1525,8：45～17：00ただし、年末年始はお休みです,135.56175 : 34.77749,,,,
高石市,第4弾,2017/4/3,大阪府臨海スポーツセンター管理事務所,大阪府高石市高師浜丁6-1,電話：072-268-8351,9：00～18：00ただし、年末年始（12/31～1/1）はお休みです,135.429 : 34.52863,,,,
藤井寺市(A001),第5弾,2017/8/1,【平日】藤井寺市 都市整備部 下水道課【休日】藤井寺市役所　警備室※東側入口すぐ,【平日】大阪府藤井寺市岡1-1-1【休日】大阪府藤井寺市岡1-1-1,【平日】電話：072-939-1264【休日】電話：072-939-1264,【平日】9：00～17：30【休日】9：00～17：00ただし、年末年始はお休みです,135.59782 : 34.5745,135.59782 : 34.5745,,,
藤井寺市(B001),第12弾,2020/4/25,アイセルシュラホール1階「ウエルカムラウンジ」内（生涯学習センター）,大阪府藤井寺市藤井寺3丁目1番20号,電話：072-979-7881,9：00-17：30月曜日（祝日の場合はその翌日）と年末年始（12/29～1/3）はお休みです,135.59711 : 34.56614,,,,
東大阪市,第1弾,2016/4/1,東大阪市役所下水道計画総務室,大阪府東大阪市荒本北1-1-1（東大阪市役所13階）,電話：06-4309-3246,9：00～17：30ただし、土日、祝日、年末年始（12/29～1/3）はお休みです,135.60078 : 34.67941,,,,
泉南市,第5弾,2017/8/1,【月・火以外】泉南市観光協会観光案内所【月・火のみ】泉南市上下水道部 下水道整備課,【月・火以外】大阪府泉南市信達牧野395-4【月・火のみ】大阪府泉南市樽井737,【月・火以外】記載無し【月・火のみ】電話：072-482-5005,【月・火以外】10：00～16：00【月・火のみ】9：00～17：30ただし、年末年始（12/28～1/4）はお休みです※月・火曜が祝日の場合は、観光案内所にて配布します,135.27933 : 34.36178,135.27422 : 34.36775,,,
四條畷市,第5弾,2017/8/1,【平日】四條畷市役所 都市整備部 下水道課【休日】四條畷市役所 宿直室,大阪府四條綴市中野本町1-1,電話：072-877-2121（内線466）,8：45～17：15ただし、年末年始（12/29～1/3）はお休みです,135.63972 : 34.74006,,,,
交野市(A001),第09弾,2018/12/14,【平日】交野市役所別館2階下水道課【休日】交野市役所本館地下1階警備員室,大阪府交野市私部1-1-1,電話：072-892-0121,【平日】9：00～17：30【休日】9：00～17：30ただし、年末年始はお休みです,135.67981 : 34.78785,,,,
交野市(B001),第16弾,2022/1/15,交野市水道局,大阪府交野市私市2丁目24-1,電話：072-891-0016,9:00～17:30,135.68292 : 34.77381,,,,
大阪狭山市(A001),第2弾,2016/8/1,大阪府立狭山池博物館,大阪府大阪狭市池尻中二丁目,記載無し,10：00～17：00（入館は16：30まで）毎週月曜日（月曜日が祝日の場合は翌日）と、年末年始（12/28～1/4）はお休みです,135.55576 : 34.50372,,,,
大阪狭山市(B001),第20弾,2023/7/28,【平日】大阪狭山市役所庁舎2階　水政策部下水道・水路グループ【土日祝】大阪府立狭山池博物館,【平日】大阪府大阪狭山市狭山1-2384-1【土日祝】大阪府大阪狭山市池尻中二丁目,【平日】電話:072-366-0011（内線364）【土日祝】記載無し,【平日】9：00～17：30ただし、土日、祝日、年末年始（12/29～1/3）はお休みです【土日祝】10：00時～17：00（入館は16：30まで）ただし、年末年始（12/28～1/4）はお休みです,135.55586 : 34.50368,135.5519 : 34.51036,,,
阪南市,第17弾,2022/8/6,【平日】阪南市都市整備部下水道課（阪南市分室２階）【土日祝日】阪南市役所地下１階守衛室,【平日】大阪府阪南市鳥取74-1【土日祝日】大阪府阪南市尾崎町35－1,【平日】電話：072-470-2165【土日祝日】記載無し,【平日】8：45～17：15【土日祝日】8：45～17：15ただし、年末年始はお休みです,135.23438 : 34.35575,,,,
島本町(A001),第4弾,2017/4/3,【平日】島本町上下水道庁舎【休日】大薮浄水場,【平日】大阪府三島郡島本町広瀬3-11-24【休日】大阪府三島郡島本町広瀬3-12-10,【平日】電話：075-962-6308【休日】電話：075-961-0307,9：00～17：30休日は、大薮浄水場入口横のインターホンにてお呼び出しください,135.67278 : 34.88411,135.67279 : 34.88351,,,
島本町(B001),第13弾,2020/12/17,島本町立歴史文化資料館,大阪府三島郡島本町桜井一丁目3番1号,電話：075-961-3411,9:30～17:00※毎週月曜日（月曜日が祝日の場合はその翌日）、年末年始（12月29日から1月3日）、特別展示及び企画展示などの準備期間は休館日,135.66318 : 34.88055,,,,
豊能町,第8弾,2018/8/11,豊能町役場3階 都市計画課,大阪府豊能郡豊能町余野414-1,（問い合わせ先）豊能町建設環境部都市計画課電話：072-739-3425,9：00～17：30ただし、土日、祝日、年末年始は警備室で配布します,135.49466 : 34.91879,,,,
能勢町,第3弾,2016/12/1,能勢浄化センター ささゆりの丘,大阪府豊能郡能勢町下田119-1,電話：072-734-3403,8：45～17：00ただし、土日、祝日、年末年始はお休みです,135.40854 : 34.9438,,,,
熊取町,第8弾,2018/8/11,【平日】熊取町役場 都市整備部 下水道河川課【休日】熊取町駅前観光案内所　駅下にぎわい館,【平日】大阪府泉南郡熊取町野田1-1-1【休日】大阪府泉南郡熊取町大久保中1-17-1,【平日】電話：072-452-1011【休日】電話：072-451-2572,【平日】9：00～17：30【休日】9：00～17：00ただし、年末年始（12/29～1/3）はお休みです,135.35533 : 34.40151,135.34148 : 34.4058,,,
田尻町,第12弾,2020/4/25,田尻町役場別館,大阪府泉南郡田尻町嘉祥寺375番地1,【平日】電話:072-466-1000【土日】電話:072-466-0030,9：00～17：00ただし、祝日及び年末年始はお休みです,135.29166 : 34.39412,,,,
太子町,第7弾,2018/4/28,道の駅「近つ飛鳥の里・太子」,大阪府南河内郡太子町山田2254-3,電話：0721-98-0760,9:00～17:00ただし、年末年始はお休みです,135.65807 : 34.51647,,,,
河南町,第8弾,2018/8/11,【平日】河南町まち創造部都市環境課【休日】河南町役場宿直室,大阪府南河内郡河南町大字白木1359-6,電話：（平日）0721-93-2500（内線271）（休日）0721-91-2500,9：00～17：30,135.62968 : 34.49277,,,,
千早赤阪村,第18弾,2023/1/28,千早赤阪村役場都市整備課,大阪府南河内郡千早赤阪村大字水分180番地,電話：0721-72-0081,9:00～17:30【土日祝日】庁舎正面入口のインターホンにて警備員にお申しつけ下さい,135.62202 : 34.46391,,,,
兵庫県（流域下水道）,第7弾,2018/4/28,原田処理場（スカイランドHARADA管理事務所）,大阪府豊中市原田西町1-1,電話：06-6846-8181,9：00～17：00ただし、毎週木曜日（祝日の場合は開館）、年末年始（12/27～1/5）はお休みです,135.44888 : 34.76968,,,,
神戸市(A001),第01弾,2016/4/1,東水環境センター 東灘処理場,兵庫県神戸市東灘区魚崎南町2-1-23,電話：078-451-0456,東水環境センター（東灘処理場）を見学された方に配布しています。施設見学は1日2回行っています。所要時間は約1時間です【午前】9：30～【午後】13：30～※ただし、一般団体見学がある日を除きます※事前にお電話でお問い合わせの上、見学の予約をお願いいたしますなお、土日、祝日、年末年始（12/29～1/3）はお休みです,135.27859 : 34.71017,,,,
神戸市(B001),第14弾,2021/4/25,神戸空港 1階総合案内所,兵庫県神戸市中央区神戸空港1番,電話：078-304-7777（問い合わせ先）神戸市建設局下水道部経営管理課電話：078－806－8708,7:00~23:00,135.22423 : 34.63393,,,,
姫路市,第2弾,2016/8/1,姫路市観光案内所,兵庫県姫路市駅前町210-2（JR姫路駅中央コンコース北西側）,電話：079-287-0003,8：30～17：00ただし、12/29、12/30および施設点検日はお休みです,134.6911 : 34.82688,,,,
尼崎市(A001),第2弾,2016/8/1,【平日】尼崎市公営企業局上下水道部経営企画課【土日・祝日】あまがさき観光案内所（阪神尼崎駅前）,【平日】兵庫県尼崎市東七松町2-4-16（上下水道庁舎3階）【土日・祝日】兵庫県尼崎市神田中通1－4　中央公園内,【平日】電話：06-6489-7405【土日・祝日】電話：06-6409-4634,【平日】8：45～17：30ただし、土日・祝日・年末年始（12/29から1/3）はお休みです【土日・祝日】9：00〜17：00ただし、年末年始（12/29～1/2)はお休みです,135.41096 : 34.73343,,,,
尼崎市(B001),第11弾,2019/12/14,あまがさき観光案内所（阪神尼崎駅前）,兵庫県尼崎市神田中通1-4　中央公園内,電話：06-6409-4634,9：00〜17：00ただし、年末年始（12月29日から1月2日 ）はお休みです,135.41673 : 34.71905,,,,
明石市,第7弾,2018/4/28,明石市立天文科学館,兵庫県明石市人丸町2-6,電話：078-919-5000（問い合わせ先）明石市都市局下水道室 下水道総務課電話：078-934-9620,9：30～16：30ただし、毎週月曜日、第2火曜日（祝日の場合はその翌日）はお休みです※年末年始の開館日については、左記施設HP「開館日・休館日カレンダー」をご確認ください,135.00073 : 34.64835,,,,
西宮市,第6弾,2017/12/9,クリエートにしのみや（ららぽーと甲子園2F）,兵庫県西宮市甲子園八番町1-100,電話：0798-81-3888（問い合わせ先）西宮市上下水道局下水道部 下水計画課電話：0798-32-2264,10：00～18：00ただし、火曜日、年末年始及びららぽーと甲子園が休みの日はお休みです,135.36433 : 34.71794,,,,
洲本市,第18弾,2023/1/28,【平日】洲本市役所都市整備部下水道課（庁舎3F）【土日】洲本市役所守衛室,兵庫県洲本市本町三丁目4番10号,【平日】電話：0799-23-3794【土日】電話：0799-22-3321(問合せ先)洲本市役所都市整備部下水道課0799-23-3794,【平日】8：30～17：15【土日】8：30～17：15,134.8956 : 34.34275,,,,
芦屋市(A001),第08弾,2018/8/11,【平日】芦屋市上下水道部 下水道課【休日】芦屋市役所守衛室,兵庫県芦屋市精道町7-6,電話：【平日】0797-38-2067【休日】0797-31-2121,9：00～17：30年末年始（12/29～1/3）については守衛室にてお配りします。,135.30394 : 34.72786,,,,
芦屋市(B001),第12弾,2020/4/25,芦屋市立美術博物館,兵庫県芦屋市伊勢町12-25,電話:0797-38-5432,10:00～17:00（入館は16:30まで）ただし、月曜日（祝日の場合は開館，翌火曜日休館）、展示替え期間、年末年始 はお休みです,135.31064 : 34.7218,,,,
伊丹市(A001),第05弾,2017/8/1,スワンホール,兵庫県伊丹市昆陽池2丁目1,電話：072-779-5661（問い合わせ先）伊丹市上下水道局経営企画課電話：072-783-1600,9：00～21：30ただし、毎月第1月曜日・第3月曜日（祝日の場合、開館。翌日休館。）、12月29日～1月3日はお休みです,135.39523 : 34.78641,,,,
伊丹市(B001),第14弾,2021/4/25,【平日】伊丹市上下水道局　水道サービスステーション【土日・祝日】伊丹市立観光物産ギャラリー,【平日】兵庫県伊丹市昆陽1丁目1番地2【土日・祝日】兵庫県伊丹市東有岡1-6-2（JR伊丹駅構内）,【平日】電話:072-783-1601【土日・祝日】電話:072-770-7060(問合せ先)伊丹市上下水道局経営企画課電話:072-783-1600,【平日】9：00～17：30　ただし、12月29日～1月3日はお休みです【土日・祝日】10：00～17：00　ただし、12月30日～1月2日はお休みです,135.39995 : 34.78349,135.42218 : 34.78056,,,
伊丹市(C001),第17弾,2022/8/6,伊丹市立観光物産ギャラリー,兵庫県伊丹市東有岡1-6-2（JR伊丹駅構内）,電話：072-770-7060(問合せ先)伊丹市上下水道局経営企画課電話：072-783-1600,10:00～17:00ただし、年末年始（12月30日～1月2日）はお休みです,135.42218 : 34.78056,,,,
伊丹市(D001),第18弾,2023/1/28,旧岡田家住宅・酒蔵,兵庫県伊丹市宮ノ前2丁目5-20（市立伊丹ミュージアム）,電話：072-772-5959(問合せ先)伊丹市上下水道局経営企画課電話：072-783-1600,10:00～18:00（入館は17:30まで）ただし、毎週月曜日（祝日の場合は翌平日）、年末年始（12月29日～翌年1月3日）はお休みです。,135.41713 : 34.78233,,,,
加古川市,第10弾,2019/8/7,加古川観光案内所,兵庫県加古川市加古川町篠原町503-2（ＪＲ加古川駅構内）,電話：079-456-0222,9：30～18：00ただし、12月29日～1月3日はお休みです,134.83997 : 34.76813,,,,
西脇市,第6弾,2017/12/9,【平日】西脇市役所建設水道部施設管理課【休日】にしわき経緯度地球科学館,【平日】兵庫県西脇市下戸田128番地の1【休日】兵庫県西脇市上比延町334-2（テラ・ドーム）,【平日】電話：0795-22-3111【休日】電話：0795-23-2772,【平日】9：00～17：00【休日】10：00～17：00ただし、年末年始（12/29～1/3）はお休みです,134.9785 : 34.98367,134.99887 : 35.00175,,,
宝塚市,第10弾,2019/8/7,宝塚市立文化芸術センター １階受付,兵庫県宝塚市武庫川町7-64,電話：0797-62-6800（お問合せ先）宝塚市上下水道局施設部下水道課電話：0797-77-2023,11:00～17:00ただし、水曜日(祝日は開館)、年末年始はお休みです,135.34869 : 34.80758,,,,
三木市(A001),第10弾,2019/8/7,【平日】三木市上下水道部庁舎,兵庫県三木市福井字鷹尾1950-1,電話：0794-82-2010【土日・休日】三木市観光協会三木市末広1丁目1-35電話：0794-83-8400,【平日】8:30～17:00【土日・休日】9：00〜12:00、13:00～17：00ただし、年末年始(12/29～1/4)はお休みです,134.9875 : 34.78852,,,,
三木市(B001),第19弾,2023/4/28,【月曜日以外】山田錦の館【月曜日のみ】吉川支所地域振興課,【月曜日以外】兵庫県三木市吉川町吉安222【月曜日のみ】兵庫県三木市吉川町大沢４１２,【月曜日以外】電話:0794-76-2401【月曜日のみ】電話:0794-72-0183,【月曜日以外】9：30～17：00ただし、月曜日（月曜日が祝日の場合は翌火曜日が定休）及び年末年始はお休みです【月曜日のみ】8：30～17：00※山田錦の館の休館日の平日に配布します。ただし、年末年始（12/29～1/3）はお休みです,135.12276 : 34.88504,135.12152 : 34.8839,,,
三木市(C001),第22弾,2024/4/26,【火曜日以外】あじさいフローラみき【火曜日のみ】道の駅みき１Ｆインフォメーション,【火曜日以外】兵庫県三木市福井字三木山【火曜日のみ】兵庫県三木市福井2426番地先,【火曜日以外】電話:0794-86-1250【火曜日のみ】電話:0794-86-9500,【火曜日以外】10：00～15：00ただし、火曜日はお休みです【火曜日】10：00～15：00あじさいフローラみき休館日のみ配布しますただし、１月１日はお休みです※12/29～12/31、1/2～1/7は道の駅みきで配布します,134.97751 : 34.793,134.98126 : 34.78607,,,
高砂市,第9弾,2018/12/14,工楽松右衛門旧宅,兵庫県高砂市高砂町今津町532,電話：079-490-4790(問い合わせ先)高砂市上下水道部経営総務室総務課電話：079-443-9048,9：00～18：00施設見学をされた方に配布しますただし、年末年始（12/29～1/3）、定休日(不定休)はお休みです,134.80292 : 34.74551,,,,
川西市(A001),第11弾,2019/12/14,アステ市民プラザ,兵庫県川西市栄町25番1-601号　アステ川西6階,電話：072-740-1115,9：00～17：00（年末年始を除く）,135.41312 : 34.82647,,,,
川西市(B001),第13弾,2020/12/17,【平日】川西公民館（キセラ川西プラザ 福祉棟3階）【休日】アステ市民プラザ,【平日】兵庫県川西市火打1丁目12番16号【休日】兵庫県川西市栄町25番1-601号 アステ川西6階,【平日】電話：072-757-1920【休日】記載無し,【平日】9：00～17：30（年末年始を除く）【休日】9：00～17：30（年末年始を除く）,135.41893 : 34.83419,135.41312 : 34.82647,,,
川西市(C001),第15弾,2021/8/17,【平日】川西市役所上下水道局経営企画課【休日】アステ市民プラザ,【平日】兵庫県川西市中央町12-1上下水道局経営企画課3階13番【休日】兵庫県川西市栄町25番1-601号アステ川西6階,【平日】電話：072-740-1261【休日】電話：072-740-1115,【平日】9：00～17：00（年末年始を除く）【休日】9：00～17：00（年末年始を除く）,135.41736 : 34.83036,135.41312 : 34.82647,,,
加西市,第7弾,2018/4/28,【平日】加西市生活環境部 上下水道課【休日】加西市民会館,【平日】兵庫県加西市北条町横尾1000【休日】兵庫県加西市北条町古坂1-1,【平日】電話：0790-42-8760【休日】電話：0790-43-0160,【平日】9：00～17：00【休日】10：00～21：00ただし、年末年始（12/28～1/4）はお休みです,134.84195 : 34.92792,134.84052 : 34.92619,,,
丹波篠山市,第5弾,2017/8/1,【平日】丹波篠山市役所 上下水道部 経営企画課【土日祝日】丹波篠山市立歴史美術館,【平日】兵庫県丹波篠山市北新町41（本庁舎）【土日祝日】兵庫県丹波篠山市呉服町53,【平日】電話：079-552-5094【土日祝日】電話：079-552-0601,【平日】8:30～17:15ただし、年末年始はお休みです【土日祝日】9:00～16:30ただし、年末年始（12/25～1/1）はお休みです。※臨時休館等の場合がありますので、事前にご確認ください。,135.21822 : 35.07558,135.22032 : 35.07702,,,
丹波市,第11弾,2019/12/14,丹波市観光協会　かいばら観光案内所,兵庫県丹波市柏原町柏原3625,電話：0795-73-0303(問合せ先)丹波市役所上下水道部　下水道課電話：0795-74-0224,10：00〜16：00ただし、火曜日（祝日の場合は、祝日明けの平日が定休日）と12/29～1/3はお休みです,135.07849 : 35.13016,,,,
加東市(A001),第12弾,2020/4/25,【水曜日以外】（一社）加東市観光協会【水曜日のみ】加東市役所商工観光課,【水曜日以外】兵庫県加東市河高4028【水曜日のみ】兵庫県加東市社50（加東市役所3階）,【水曜日以外】電話:0795-48-0995 【水曜日のみ】電話:0795-48-0530,【水曜日以外】8:30〜17:15【水曜日のみ】8:30〜17:15,134.93552 : 34.92381,134.97365 : 34.91772,,,
加東市(B001),第20弾,2023/7/28,【土日祝】播磨中央公園サイクルステーション【月・火・木・金】加東市観光協会【水曜日】加東市役所商工観光課,【土日祝】兵庫県加東市下滝野1277【月・火・木・金】兵庫県加東市河高4028【水曜日】兵庫県加東市社50番地,【土日祝】電話：0795-48-0995（加東市観光協会）【月・火・木・金】電話：0795-48-0995【水曜日】電話：0795-43-0530,【土日祝日】9：00～16：00ただし、年末年始はお休みです【月・火・木・金】8：30～17：00ただし、年末年始はお休みです【水曜日】８：30～17：15ただし、祝日および年末年始はお休みです,134.94875 : 34.9438,134.93552 : 34.92381,,,
たつの市,第9弾,2018/12/14,たつの観光案内所,兵庫県たつの市龍野町中村301-2（JR姫新線本龍野駅内）,電話：0791-63-9955（問い合わせ先）たつの市上下水道部下水道管理課電話：0791-64-3168,9：00～17：00ただし、年末年始（12/29～1/3）はお休みです,134.55516 : 34.86133,,,,
猪名川町,第10弾,2019/8/7,【水曜日以外】道の駅いながわ,兵庫県猪名川町万善字竹添70-1電話：072-767-8600【水曜日】猪名川町役場まちづくり部上下水道課猪名川町上野字北畑１１-１電話：072-766-8716,【水曜日以外】9:00～17:00【水曜日】9:00～17:00ただし、年末年始はお休みです。,072-766-8716までお問い合わせください,135.351975 : 34.919165,,,,
播磨町,第10弾,2019/8/7,播磨町郷土資料館,兵庫県加古郡播磨町大中1丁目1番2号,電話：079-435-5000（問い合わせ先）播磨町上下水道グループ電話：079-435-2379,【4月-9月】9:30～18:00【10月-3月】9:30～17:00ただし、月曜日（祝日の場合はその翌平日）、年末年始（12月29日〜1月3日）はお休みです。※左記施設HP「開館日カレンダー」をご確認ください,134.87627 : 34.72694,,,,
市川町,第9弾,2018/12/14,【平日】市川町役場　下水道課【休日】市川町役場　1階受付,兵庫県神崎郡市川町西川辺165-3,電話：【平日】0790-26-1018【休日】0790-26-1010,9：00～17：00,134.76564 : 34.99027,,,,
福崎町,第10弾,2019/8/7,福崎町役場上下水道課,兵庫県神崎郡福崎町南田原3116番地の1,電話：0790-22-0560（内線382）,8:30～17:15ただし、土日祝日、年末年始は役場日直が対応します,134.75951 : 34.9504,,,,
神河町,第20弾,2023/7/28,村営ふれあいマーケット長谷店,兵庫県神崎郡神河町長谷1058番地,電話:0790-35-0355（問合せ先）神河町役場　ひと・まち・みらい課電話:0790-34-0002,【月～土】10：00～18：00【日】10：00～17：00ただし、年末年始（12月29日～1月3日）はお休みです,134.73088 : 35.12514,,,,
太子町,第23弾,2024/7/26,【平日】太子町役場産業経済課【休日】太子町役場時間外窓口,兵庫県揖保郡太子町鵤280-1,電話:079ｰ277-1010,【平日】8：30～17：15【休日】9:00～16：00,134.57671 : 34.83715,,,,
上郡町,第9弾,2018/12/14,【月曜日以外】上郡町観光案内所【月曜日のみ】上郡町上下水道課（上郡町水道管理事務所内）,【月曜日以外】兵庫県赤穂郡上郡町駅前222【月曜日のみ】兵庫県赤穂郡上郡町與井380,【月曜日以外】電話：0791-52-6959【月曜日のみ】電話：0791-52-1119,①9:30〜16:30ただし、毎週月曜日（祝日の場合は翌火曜日）及び年末年始はお休みですまた、臨時休館についてはHP等をご確認ください。上郡町観光案内所の休館日に配布します。※年末年始は、事前にお電話にてご連絡ください,134.35483 : 34.86612,134.37233 : 34.85966,,,
奈良市,第6弾,2017/12/9,奈良町南観光案内所,奈良県奈良市井上町11番地,電話：0742-94-3500（問い合わせ先）奈良市企業局　企業総務課電話：0742-34-5200,9:00～17:00（年中無休）,135.83092 : 34.6742,,,,
大和郡山市,第2弾,2016/8/1,【平日】大和郡山市上下水道部 下水道推進課,奈良県大和郡山市植槻町6-10（上下水道部庁舎2階）,電話：0743-58-5600※平成30年5月19日より、下記施設にて休日配布を開始します【休日】一般社団法人 大和郡山市観光協会奈良県大和郡山市高田町92-16（市民交流館1階）（問い合わせ先）大和郡山市上下水道部 下水道推進課電話：0743-58-5600,【平日】9：00～17：00【休日】9：00～17：00ただし、年末年始（12/28～1/3）はお休みです,135.78142 : 34.65469,,,,
天理市,第4弾,2017/4/3,天理市立黒塚古墳展示館,京都府天理市柳本町1118番地2,電話： 0743-67-3210,9：00～17：00ただし、月曜日、祝日（月曜日が祝日の場合は翌日も休館）、年末年始（12月28日～翌年1月4日）ゴールデンウィークは祝日も臨時開館します,135.23314 : 35.21782,,,,
橿原市(A001),第08弾,2018/8/11,今井まちなみ交流センター「華甍」,奈良県橿原市今井町2-3-5,電話：0744-24-8719,9：00～16：30ただし、年末年始（12/29～1/3）はお休みです,135.78905 : 34.50517,,,,
橿原市(B001),第23弾,2024/7/26,かしはら観光インフォメーションセンター神宮前,奈良県橿原市久米町652-2　橿原市商工経済会館1階,電話:0744-27-2070,9：00～16：30ただし、12/29～1/1はお休みです,135.79501 : 34.48471,,,,
生駒市,第8弾,2018/8/11,【平日】生駒市役所上下水道部下水道課【休日】生駒市役所警備室,奈良県生駒市東新町8番38号,電話:0743-74-1111（問い合わせ先）生駒市下水道課電話:0743-74-1111（内線3561）,9:00〜17:00ただし、年末年始はお休みです,135.70085 : 34.69193,,,,
三郷町,第12弾,2020/4/25,【平日】三郷町下水道課【土日祝】三郷町立図書館,奈良県生駒郡三郷町立野南３−１１−１３　三郷町立野汚水中継ポンプ場２階【土日祝】奈良県生駒郡三郷町勢野西1丁目4-4,電話：0745−73−0999【土日祝】電話:0745-33-3030,【平日】8:30～17:15ただし、年末年始（12/29〜1/3）はお休みです【土日祝】9:30～17:00ただし、毎週水曜日（祝日の場合を除く）等の図書館休館日、及び年末年始（12/29〜1/3）はお休みです詳しくは図書館カレンダーでご確認ください,135.68175 : 34.5856,,,,
斑鳩町,第3弾,2016/12/1,法隆寺iセンター,奈良県生駒郡斑鳩町法隆寺1-8-25,電話：0745-74-6800,8：30～18：00（年中無休）,135.7355 : 34.61031,,,,
田原本町,第7弾,2018/4/28,道の駅レスティ唐古・鍵,奈良県磯城郡田原本町大字唐古70-1,電話：0744-33-9170（問い合わせ先）田原本町上下水道部 下水道課電話：0744-34-2076,9：00～18：00（年中無休）,135.79808 : 34.5745,,,,
吉野町,第12弾,2020/4/25,吉野町観光案内所（近鉄吉野駅前）,奈良県吉野郡吉野町吉野山41-3,電話:0746-39-9237,9：00～16：00ただし、年末年始はお休みです,135.85939 : 34.35954,,,,
和歌山市,第2弾,2016/8/1,わかやま歴史館,和歌山県和歌山市1-3（和歌山城）,（問い合わせ先）和歌山市役所 下水道企画課電話：073-435-1093（平日9:00〜17:00）,9：00～17：00ただし、年末年始（12/29～12/31）はお休みです,135.1722 : 34.22746,,,,
橋本市,第6弾,2017/12/9,はしもと広域観光案内所,和歌山県橋本市古佐田1-5-9,電話：0736-33-3552,9：00～17：00ただし、毎週水曜日（祝日の場合はその翌日）、年末年始（6日間）はお休みです,135.61386 : 34.31741,,,,
御坊市,第10弾,2019/8/7,【平日】御坊市役所1階 みやこ姫ロビー【休日】御坊市役所1階 夜間休日窓口,和歌山県御坊市薗350番地2,電話：0738-22-4111（代表）【休日】（問い合わせ先）電話：0738-23-5591（直通）,【平日】8：30～17：15【休日】8：30～17：15,135.15306 : 33.89115,,,,
有田川町,第2弾,2016/8/1,有田川町観光案内所,和歌山県有田郡有田川町明王寺37-1,電話：0737-52-7345,8：00～17：00ただし、年末年始はお休みです,135.19684 : 34.05908,,,,
鳥取市,第6弾,2017/12/9,まちパル鳥取,鳥取県鳥取市末広温泉町160,電話：0857-36-3767,9：00～19：00(1/2・1/3は、10：00～15：00)ただし年末年始（12/31・1/1）はお休みです,134.22906 : 35.496,,,,
米子市,第04弾,2017/4/3,米子市観光センター,鳥取県米子市皆生温泉3-1-1,電話：0859-35-0175（問い合わせ先）米子市下水道部 整備課電話：0859-34-1301※【英語版】は以下の施設で配布しています。米子市国際観光案内所鳥取県米子市弥生町2　JR米子駅1F電話：0859-22-6317,9：00～18：00（年中無休）,133.36212 : 35.45658,,,,
倉吉市(A001),第13弾,2020/12/17,倉吉白壁土蔵群観光案内所,鳥取県倉吉市魚町2568-1,電話：0858-22-1200,8:30～17:00ただし、年末年始は短時間営業となります,133.82559 : 35.43142,,,,
倉吉市(B001),第14弾,2021/4/25,円形劇場くらよしフィギュアミュージアム,鳥取県倉吉市鍛冶町1丁目2971番地2,電話:0858-27-1200,9:00～17:00（年末年始は短時間営業の場合あり）※7～9月は9:00～18：00,133.81679 : 35.42899,,,,
岩美町,第4弾,2017/4/3,道の駅 きなんせ岩美,鳥取県岩美郡岩美町新井337-4,電話：0857-73-5155,9：00～19：00（年中無休）,134.33257 : 35.5658,,,,
琴浦町,第7弾,2018/4/28,道の駅 琴の浦 琴浦町観光協会,鳥取県東伯郡琴浦町別所1030-1,電話：0858-55-7811（問い合わせ先）琴浦町役場上下水道課 下水道係電話：0858-55-7807,9：00～17：15ただし、年末年始（12/30～1/2）はお休みです,133.6528 : 35.49403,,,,
北栄町,第2弾,2016/8/1,北栄町役場地域整備課,鳥取県東伯郡北栄町由良宿423-1　大栄庁舎２階,【平日】8：30～17：15ただし、土日祝日、年末年始（12/29～1/3）はお休みです,訪問の際は必ず在庫状況をご確認ください※現在、配布しておりません,133.75607 : 35.48907,,,,
江府町,第03弾,2016/12/1,道の駅 奥大山,鳥取県日野郡江府町大字佐川908-3,電話：0859-75-3648,9：00～17：00ただし、年末年始と棚卸日はお休みです,133.48157 : 35.30185,,,,
島根県(流域下水道),第13弾,2020/12/17,出雲観光案内所,島根県出雲市駅北町11,電話：0853-30-6015,9：00～13：00、14：00～17：00,132.75656 : 35.36105,,,,
松江市,第20弾,2023/7/28,松江堀川地ビール館,島根県松江市黒田町509-1,電話:0852-55-8877（問合せ先）松江市上下水道局事業推進課電話:0852-55-4896,9:30～17:00　年中無休,133.04712 : 35.47842,,,,
浜田市(A001),第08弾,2018/8/11,一般社団法人浜田市観光協会,島根県浜田市浅井町777-35（JR浜田駅2階）,電話：0855-24-1085※年末年始（12/29～1/3）は下記で配布します浜田市観光協会特産品販売所（ＪＲ浜田駅1階）電話：0855-28-7133,9:00～17:45(12/30～31)　9:00～17:00(1/1)　12:00～17:00,132.0878 : 34.90325,,,,
浜田市(B001),第19弾,2023/4/28,旭温泉　あさひ荘,島根県浜田市旭町木田954-3,電話:0855-45-0321,9：00～20：00ただし、火曜日はお休みです,132.27193 : 34.88811,,,,
出雲市,第11弾,2019/12/14,日御碕ビジターセンター,島根県出雲市大社町日御碕1089-37,電話：0853-54-5400(問合せ先)出雲市観光交流部部観光課電話：0853-21-6588,9:00～17:00年中無休,132.65585 : 35.42509,,,,
益田市,第10弾,2019/8/7,一般社団法人益田市観光協会,島根県益田市駅前町17-2,電話：0856-22-7120,9:00～17:30ただし、年末年始（12/29～1/3）はお休みです,131.83969 : 34.67733,,,,
大田市,第10弾,2019/8/7,（一社）大田市観光協会,島根県大田市仁摩町大国42-1（道の駅「ごいせ仁摩」内　観光案内所）,電話:0854-88-9950（問い合わせ先）大田市上下水道部下水道課電話：0854-83-8116,9：00～17：00ただし年末年始（12/30-1/3）はお休みです,132.42215 : 35.11993,,,,
安来市,第4弾,2017/4/3,（一社）安来市観光協会,島根県安来市安来町2093-3（観光交流プラザ内）,電話：0854-23-7667,9：00～18：00ただし、年末年始（12/31～1/1）はお休みです,133.25919 : 35.42719,,,,
江津市,第12弾,2020/4/25,江津市観光協会,島根県江津市江津町1518-1,電話:0855-52-0534,9：00～17：00ただし、毎週火曜日と年末年始(12/29～1/3)はお休みです,132.22154 : 35.01137,,,,
雲南市,第12弾,2020/4/25,雲南市観光協会,島根県雲南市木次町里方26番地1（JR木次駅内）,電話:0854-42-9770,9：00～17：00,132.90424 : 35.306,,,,
津和野町,第10弾,2019/8/7,（一社）津和野町観光協会,島根県鹿足郡津和野町後田イ71-2,電話：0856-72-1771,9:00～17:00,131.77406 : 34.47356,,,,
吉賀町,第11弾,2019/12/14,道の駅むいかいち温泉ゆらら,島根県鹿足郡吉賀町有飯225-2,電話：0856-77-3001(問合せ先)吉賀町役場建設水道課電話：0856-79-2212,8：30～18：00ただし、水曜日はお休みです,131.94495 : 34.35355,,,,
岡山市,第1弾,2016/4/1,岡山市ももたろう観光センター,岡山県岡山市北区駅元町1-1　岡山駅構内,電話：086-222-2912,9：00～20：00（年中無休）,133.91801 : 34.66561,,,,
倉敷市（A001）,第01弾,2016/4/1,倉敷館観光案内所,岡山県倉敷市中央1-4-8,電話：086-422-0542,9：00～18：00（年中無休）ただし、年末年始は変更の場合あり,133.77116 : 34.59547,,,,
倉敷市（B001）,第02弾,2016/8/1,児島駅観光案内所,岡山県倉敷市児島駅前1-107,電話：086-472-1289※児島駅観光案内所の営業時間外は、児島商工会議所で配布します児島商工会議所岡山県倉敷市児島駅前1-37 2階電話：086-472-4450,児島駅観光案内所9:00～17:30（昼休み12:00～13:00）ただし、12月29日～1月3日はお休みです※児島駅観光案内所の営業時間外は、児島商工会議所で配布します児島商工会議所【平日】8：30～17：00ただし、土日、祝日、年末年始（12月29日〜1月3日)、イベント時はお休みです※児島商工会議所の営業時間外（年末年始を除く土日・祝日9時～18時）は同所在地1階の児島産業振興センターにて配布,133.80533 : 34.46421,,,,
倉敷市（C001）,第06弾,2017/12/9,旧柚木家住宅（西爽亭）きゅう ゆのきけ じゅうたく（さいそうてい）,岡山県倉敷市玉島3丁目8-25,電話：086-522-0151※旧柚木家住宅（西爽亭）の休館日は下記にて配布します新倉敷駅観光案内所岡山県倉敷市玉島爪崎390-4 JR新倉敷駅構内2階電話:086-526-8446,9:00～17:00休館日：毎週月曜日（月曜日が祝日にあたるときは開館し，その日後の最も近い祝日でない日を休館する）・12月28日～1月4日・その他新倉敷駅観光案内所（旧柚木家住宅（西爽亭）の休館日）9:00～17:30（昼休み12:00～13:00）ただし、12月29日～1月3日はお休みです。,133.67197 : 34.54156,,,,
倉敷市(D001),第12弾,2020/4/25,【月～金】水島臨海鉄道水島駅【土・日曜日、祝日】水島臨海鉄道倉敷市駅,【月～金】水島駅岡山県倉敷市水島東千鳥町　10-1【土・日曜日、祝日】岡山県倉敷市阿知　1-1-2,【月～金】記載無し【土・日曜日、祝日】(問合せ先)水島臨海鉄道株式会社本店086-446-0931,【月～金】10：30～13：00、14：00～ 19：00ただし、土・日曜日・祝日と12月29日〜１月３日はお休みです【土・日曜日、祝日】7：00～17：0012月29日～1月3日と土・日曜日、祝日も配布します,133.741276 : 34.529223,133.765117 : 34.601053,,,
倉敷市(E001),第16弾,2022/1/15,ホテル　グラン・ココエ倉敷　３階フロント,岡山県倉敷市阿知3丁目９番1号,電話：086-436-7300,6：00～14：00（年中無休）,133.76721 : 34.59965,,,,
津山市,第11弾,2019/12/14,津山観光センター（津山市観光協会）,岡山県津山市山下97-1,電話：0868-22-3310(問合せ先)津山市都市建設部下水道課電話：0868-32-2100,【4～9月】9:00～18:00【1/2、1/3】10:00～16:00【10～翌年3月】9:00～17:00ただし、12/29～1/1はお休みです,134.00565 : 35.06099,,,,
笠岡市,第6弾,2017/12/9,笠岡市カブトガニ博物館,岡山県笠岡市横島1946-2,電話：0865-67-2477（問い合わせ先）笠岡市上下水道部 下水道課電話：0865-69-2142,9：00～16：30ただし、毎週月曜日（祝日の場合はその翌日）、年末年始はお休みです詳細は左記施設HPの「休館日」をご確認ください,133.52155 : 34.47886,,,,
井原市,第23弾,2024/7/26,美星天文台,岡山県井原市美星町大倉1723番地70,（問合せ先）井原市観光交流課電話:0866-62-8850,【火・水曜日】9：30～16：00【金・土・日・月曜日】13：45～16：00、18：00～22：00※入館は21：30までただし、毎週木曜日、祝日の翌日、 年末年始（12月29日～1月3日）はお休みです,133.55208 : 34.67199,,,,
高梁市,第19弾,2023/4/28,武家屋敷　旧折井家,岡山県高梁市石火矢町23-2,電話:0866-22-1480（問合せ先）（一社）高梁市観光協会電話:0866-21-0461,【4月～9月】10:00～17:00【10月～3月】10:00～16:00ただし、年末年始（12月29日～1月3日）はお休みです,133.61842 : 34.79917,,,,
新見市,第14弾,2021/4/25,【通常】一般社団法人　新見市観光協会【定休日】ＪＲ新見駅,【通常】岡山県新見市西方472-10【定休日】岡山県新見市西方471,電話:0867-72-1177,9：00～17：00ただし、定休日（水曜日（祝日の場合には翌平日））及び年末年始はお休みです【定休日】9：00～17：00（年末年始を含む）,133.4566 : 34.98709,133.4325 : 34.98786,,,
瀬戸内市（A001）,第5弾,2017/8/1,【通常】瀬戸内市立美術館【休館日】瀬戸内市役所 牛窓支所窓口,【通常】岡山県瀬戸内市牛窓町牛窓4911【休館日】岡山県瀬戸内市牛窓町牛窓4911,【通常】電話：0869-34-3130【休館日】（問い合わせ先）瀬戸内市上下水道部 下水道課電話：0869-22-5151,【開館日】9：00～17：00（入館は16：30まで）【休館日】牛窓支所窓口8：30～17：15ただし、年末年始はお休みです※休館日は毎週月曜日（祝日が月曜日の場合はその翌日）、祝日の翌日、展示替時です。そのほか臨時休館日もございますので、事前にHPをご確認ください,134.15912 : 34.6283,134.15912 : 34.6283,,,
瀬戸内市（B001）,第8弾,2018/8/11,【通常】備前おさふね刀剣の里【休館日】瀬戸内市役所長船支所窓口,【通常】岡山県瀬戸内市長船町長船966【休館日】岡山県瀬戸内市長船町土師291,【通常】電話：0869-66-7767【休館日】（問い合わせ先）瀬戸内市上下水道部下水道課電話：0869-22-5151,【開館日】9:00～16:30【休館日】長船支所窓口8：30～17：15ただし、年末年始はお休みです※休館日は毎週月曜日（祝日が月曜日の場合はその翌日）、祝日の翌日、展示替時です。そのほか臨時休館日もございますので、事前にHPをご確認ください,134.10434 : 34.72086,134.11166 : 34.69297,,,
真庭市,第15弾,2021/8/17,GREENable　HIRUZEN（グリーナブル　ヒルゼン）,岡山県真庭市蒜山上福田1205番地220,電話：0867-66-3220（問合せ先）真庭市建設部上下水道課電話：0867-42-1108,9：00～17：00ただし、水曜日（祝日の場合には翌平日）はお休みです,133.62685 : 35.30988,,,,
美作市(A001),第17弾,2022/8/6,湯郷温泉旅館協同組合,岡山県美作市湯郷323-2,電話：0868-72-2636(問合せ先)美作市役所都市整備部下水道課電話：0868-72-6700,9：00～18:00年中無休,134.13615 : 34.99335,,,,
美作市(B001),第24弾,2024/12/20,岡山県美作ラグビー・サッカー場,岡山県美作市入田436-3,（問合せ先）美作市役所都市整備部下水道課電話:0868-72-6700,8：30～17：00ただし、毎週火曜日、祝日の翌日、年末年始はお休みです,134.13831 : 35.00333,,,,
早島町,第10弾,2019/8/7,早島町町民総合会館「ゆるびの舎」,岡山県都窪郡早島町前潟370-1番地,（問い合わせ先）早島町上下水道課電話：086-482-0617,8:30～17:00ただし、毎週月曜日（月曜日が祝日の場合は次の平日）、年末年始（12/28～1/4）はお休みです,133.828 : 34.6017,,,,
里庄町,第18弾,2023/1/28,里庄つばきの丘運動公園 管理棟,岡山県浅口郡里庄町大字里見2392番地,電話：0865-64-7266(問合せ先)里庄町役場上下水道課電話：0865-64-3115,8:30～17:30ただし、年末年始（12月29日～1月3日）はお休みです,133.56142 : 34.5234,,,,
矢掛町(A001),第05弾,2017/8/1,やかげ町家交流館,岡山県小田郡矢掛町矢掛2639,電話：0866-63-4446（問い合わせ先）矢掛町役場 上下水道課電話：0866-82-0173,10：00～18：00ただし、年末年始（12/30～1/2）はお休みです,133.59779 : 34.63168,,,,
矢掛町(B001),第14弾,2021/4/25,矢掛ビジターセンター問屋（といや）,岡山県小田郡矢掛町矢掛1989,電話:0866-83-0001（問い合わせ先）矢掛町役場 上下水道課電話：0866-82-0173,9:00～17：00ただし、年末年始（12月30日～1月2日）はお休みです,133.59201 : 34.62449,,,,
新庄村,第8弾,2018/8/11,咲蔵家.（さくらや）,岡山県真庭郡新庄村1143-4,電話：0867-56-7550（問い合わせ先）新庄村 産業建設課下水道係電話：0867-56-2628,9：00～17：00,133.56764 : 35.17937,,,,
鏡野町,第10弾,2019/8/7,鏡野町物産館　夢広場,岡山県苫田郡鏡野町円宗寺233,電話：0868-54-4001,9:00～19:00ただし、木曜日はお休みです,133.94269 : 35.09979,,,,
勝央町,第24弾,2024/12/20,【平日】勝央町役場総務部窓口【土日祝日】勝央図書館,【平日】岡山県勝田郡勝央町勝間田201【土日祝日】岡山県勝田郡勝央町勝間田207-4,【平日】電話:0868-38-3111【土日祝日】電話:0868-38-0250（問合せ先）勝央町役場総務部元気なまち推進室電話:0868-38-3111,【平日】8：30～17：15ただし、閉庁日、土日祝日はお休みです【土日祝日】10：00～18：00ただし、図書館の休館日はお休みです,134.11574 : 35.04179,134.11583 : 35.04245,,,
奈義町,第16弾,2022/1/15,多世代交流広場ナギテラス,岡山県勝田郡奈義町豊沢314番地,電話：0868-36-7311(問合せ先)奈義町地域整備課電話：0868-36-4115,9:00～17:00ただし、月曜日（祝日の場合は翌日）はお休みです,134.17488 : 35.12462,,,,
久米南町,第9弾,2018/12/14,道の駅くめなん,岡山県久米郡久米南町下ニケ1367-1,（問い合わせ先）久米南町役場　建設水道課電話：086-728-2117,10:00～16:00（土日祝日は10:00～17:00）ただし、毎週火曜日、年末年始（12/30～1/2）はお休みです。,133.95094 : 34.91772,,,,
吉備中央町,第13弾,2020/12/17,【平日】吉備中央町吉川支所（きびプラザ内）【休日】ロマン高原かよう総合会館,【平日】岡山県加賀郡吉備中央町吉川4860-6【休日】岡山県加賀郡吉備中央町豊野1-2,【平日】電話：0866-56-9377【休日】電話：0866-54-1301,【平日】8：30～17：15【休日】8：30～17：15ただし、第三日曜日、祝日、年末年始はお休みです,133.75778 : 34.83234,133.71082 : 34.88288,,,
広島県（流域下水道）,第2弾,2016/8/1,広島県芦田川流域下水道浄化センター,広島県福山市箕沖町106,電話：084-954-2733,【平日】9：00～17：00【休日】13：00～16：00（要　電話予約）※休日（土日、祝日、年末年始（12/29～1/3））に配布をご希望される方は、平日（9：00～17：00）に電話予約（084-954-2733）をお願いします,133.42427 : 34.4339,,,,
広島市(A001),第01弾,2016/4/1,大州雨水貯留池,広島県広島市南区南蟹屋2-3,（問い合わせ先）下水道管理部 維持課広島県広島市中区南千田東町7-1電話：082-241-9223,大州雨水貯留池を見学された方に配布します見学希望の方は、こちらからお申し込みください,132.48438 : 34.39187,,,,
広島市(B001),第18弾,2023/1/28,広島駅総合案内所,広島県広島市南区松原町2-37JR広島駅・新幹線口構内２階,電話：082-263-5120,6：00～24：00（年中無休）,132.47514 : 34.39688,,,,
広島市(C001),第19弾,2023/4/28,広島市平和記念公園レストハウス,広島県広島市中区中島町1番1号,電話:082-247-6738,年中無休8：30～17：00（12月1日～翌2月末日まで）8：30～18：00（3月1日～11月30日）8：30～19：00（8月、ただし8月5日は20：00まで）7：30～20：00（8月6日）,132.45097 : 34.39223,,,,
広島市(D001),第20弾,2023/7/28,広島港総合案内所,広島県広島市南区宇品海岸一丁目13-26 広島港宇品旅客ターミナル１階,電話:082-207-2010,9：00～16：00（年中無休）,132.45296 : 34.35329,,,,
広島市(E001),第22弾,2024/4/26,広島駅南口地下広場案内所,広島県広島市南区松原町9番地先（広島駅南口地下広場）,（問合せ先）広島市下水道局経営企画課電話:082-504-2265,9：00～19：00ただし、1月1日はお休みです,132.47386 : 34.39642,,,,
広島市(F001),第23弾,2024/7/26,広島市中央老人福祉センター,広島県広島市中区西白島町24－36,電話:082-222-6000,9:00～17:00ただし、毎週火曜日、敬老の日を除く祝祭日、8月6日・12月29日～1月3日はお休みです,132.458149 : 34.405502,,,,
広島市(G001),第24弾,2024/12/20,広島市三篠公民館,広島県広島市西区打越町10番23号,電話:082-237-3077,9：00～17：00ただし、毎週火曜日、祝祭日（火曜日に当たるときは、その直後の休日でない日）、8月6日、12月29日～1月3日はお休みです,132.44966 : 34.41151,,,,
呉市（A001）,第5弾,2017/8/1,呉市入船山記念館,広島県呉市幸町4-6,電話：0823-21-1037（問い合わせ先）呉市上下水道局 経営企画課電話：0823-26-1604,9：00～17：00ただし、火曜日（祝日の場合は翌日休館）、年末年始（12/29～1/3）はお休みです,132.56372 : 34.24041,,,,
呉市（B001）,第5弾,2017/8/1,街かど市民ギャラリー90（くれ）,広島県呉市中通3-3-17,電話：0823-36-3902(問い合わせ先)呉市上下水道局 経営企画課電話：0823-26-1604,10：00～17：30ただし、火曜日、年末年始はお休みです,132.56491 : 34.24621,,,,
竹原市（A001）,第05弾,2017/8/1,たけはら　海の駅　1階売店,広島県竹原市港町4丁目2番24号,電話：0846-24-6100,8：30～19：00ただし、毎月第3火曜日、12月31日～1月3日はお休みです,132.91588 : 34.33335,,,,
竹原市（B001）,第10弾,2019/8/7,道の駅たけはら　２階　観光情報コーナー,広島県竹原市本町1丁目1番1号,電話：0846-23-5100,9:00～17:00ただし、第３水曜日，年始年末はお休みです。,132.91193 : 34.34421,,,,
三原市（A001）,第4弾,2017/4/3,うきしろロビー,広島県三原市城町1-1-1（ＪＲ三原駅構内 観光案内所）,電話：0848-67-5877（問い合わせ先）三原市下水道整備課電話：0848-67-6124,9：00～18：00ただし、年末年始（12/29～1/3）はお休みです,133.08333 : 34.40064,,,,
三原市（B001）,第6弾,2017/12/9,道の駅 みはら神明の里,広島県三原市糸崎4-21-1（道の駅1階 物産品販売コーナーレジ）,電話：0848-63-8585（問い合わせ先）三原市下水道整備課電話：0848-67-6124,9：00～18：00ただし、第3火曜日はお休みです,133.10428 : 34.39701,,,,
福山市,第17弾,2022/8/6,福山観光案内所,広島県福山市三之丸町30-１ JR福山駅構内,電話：084-922-2869,9：00～18：30,133.36214 : 34.48941,,,,
府中市,第21弾,2023/12/15,（一社）府中市観光協会,広島県府中市府中町559-2,電話:0847-43-7135,9：00～17：30ただし、年末年始（１２月２９日～１月３日）はお休みです,133.23357 : 34.57572,,,,
東広島市（A001）,第3弾,2016/12/1,東広島市観光案内所,広島県東広島市西条本町12-3（JR西日本西条駅2階）,電話：082-430-7701,9：00～18：00ただし、年末年始はお休みです,132.74352 : 34.43042,,,,
東広島市（B001）,第9弾,2018/12/14,【平日】豊栄支所地域振興課【土日】とよさか四季菜館,【平日】広島県東広島市豊栄町鍛冶屋963-2【土日】広島県東広島市豊栄町鍛冶屋841-2,【平日】電話：082-432-2211【土日】電話：082-432-4520(問い合わせ先)東広島市下水道部下水道管理課電話：082-420-0957,【平日】8：30～17：15祝祭日・年末年始（12/29～1/3）はお休みです【土日】7：30～17：00,132.82687 : 34.56486,132.82687 : 34.56486,,,
廿日市市,第7弾,2018/4/28,廿日市市中央市民センター,広島県廿日市市天神11-29,電話：0829-20-1266,9：00～17：00ただし、祝日、年末年始（12/29～1/3）はお休みです,132.33794 : 34.35501,,,,
安芸高田市,第12弾,2020/4/25,道の駅三矢の里あきたかた(安芸高田市観光協会),広島県安芸高田市吉田町山手1059-1,電話:0826-47-2550,10：00～17：00ただし、火曜日、年末年始（12/31～1/4）はお休みです,132.66937 : 34.65548,,,,
安芸高田市(B001),第13弾,2020/12/17,道の駅北の関宿安芸高田,広島県安芸高田市美土里町横田331-1,電話：0826-57-1657,9:00～18:00,132.66136 : 34.72134,,,,
安芸高田市(C001),第14弾,2021/4/25,神楽門前湯治村 「かむくら座」,広島県安芸高田市美土里町本郷4627,電話:0826-54-0888,10：00～17：00（年中無休）ただし、毎月第3水曜日・翌木曜日はお休みです,132.61255 : 34.71516,,,,
熊野町,第24弾,2024/12/20,熊野町観光案内所 筆の駅,広島県安芸郡熊野町出来庭十丁目6番24号,電話:082-855-1123,10:00～16:00ただし、毎週水曜日（祝日の場合は開館）、第3日曜日、年末年始、盆はお休みです,132.56563 : 34.33311,,,,
坂町,第7弾,2018/4/28,坂町町民センター,広島県安芸郡坂町平成ヶ浜1-1-1,電話：082-820-1515,【平日】8：20～21：30【休日】8：30～17：00ただし、毎週月曜日、祝日、年末年始（12/27～1/4）はお休みです,132.51349 : 34.34115,,,,
下関市(A001),第8弾,2018/8/11,長府観光会館,山口県下関市長府侍町二丁目1-15,電話：083-246-1120（問い合わせ先）下関市上下水道局 企画総務課電話：083-231-8754,9：00～17：00,130.99045 : 33.99645,,,,
下関市(B001),第13弾,2020/12/17,長府庭園,山口県下関市長府黒門東町8番11号,電話：083-246-4120（問合せ先）下関市上下水道局企画総務課電話：083-231-8754,9:00～17:00ただし、12/28～1/4はお休みです,130.98938 : 33.99048,,,,
宇部市(A001),第10弾,2019/8/7,ときわ湖水ホール,山口県宇部市大字沖宇部254,電話：0836-51-7057(問い合わせ先）宇部市 土木建設部 下水道経営課電話：0836-21-2191,9:00～17:00ただし、年末年始（12/29～1/2）はお休みです,131.28804 : 33.94814,,,,
宇部市(B001),第16弾,2022/1/15,多世代交流スペース 若者クリエイティブコンテナ,山口県宇部市中央町3-8-20,電話：0836-38-8825(問合せ先)宇部市 土木建設部 下水道経営課電話：0836-21-2191,多世代交流スペース 若者クリエイティブコンテナ：10:00～18:00ただし、祝日、お盆（8/11～8/18）、年末年始（12/29～1/6）はお休みです。,131.241 : 33.95511,,,,
山口市（A001）,第03弾,2016/12/1,山口観光案内所,山口県山口市惣太夫町2-1（山口駅1階）,電話：083-933-0090,9：00～18：00（年中無休）,131.48093 : 34.17295,,,,
山口市（B001）,第04弾,2017/4/3,新山口駅観光交流センター,山口県山口市小郡令和1-2-6,電話：083-902-0037,9：00～18：00（年中無休）,131.39827 : 34.09458,,,,
山口市（C001）,第06弾,2017/12/9,湯田温泉観光案内所,山口県山口市湯田温泉2-1-23,電話：083-901-0150,9：00～18：00（年中無休）,131.45694 : 34.16429,,,,
山口市(D001),第22弾,2024/4/26,阿知須いぐらの館,山口県山口市阿知須3425,電話:0836-65-2403,10:00～16:00（休館日除く）ただし、水・木曜日（祝日の場合は翌日）、年末年始はお休みです,131.34351 : 34.01636,,,,
萩市,第11弾,2019/12/14,萩・明倫学舎,山口県萩市大字江向602番地,電話：0838-21-0304(問合せ先)萩市上下水道局総務課電話：0838-25-3152,9:00～17:00ただし、２月の第１火・水曜日はお休みです,131.39914 : 34.41003,,,,
防府市,第6弾,2017/12/9,防府市地域交流センター（アスピラート） １階事務室,山口県防府市戎町1-1-28,電話：0835-26-5151,9：00～17：00休館日：毎週火曜日及び年末年始（12/29～1/3）ただし、火曜日が祝日にあたるときはその翌日,131.56931 : 34.05379,,,,
下松市(A001),第3弾,2016/12/1,【平日】下松市上下水道局 窓口【土日、祝日】下松市観光協会案内所,【平日】山口県下松市大手町3-3-2（上下水道局２階）【土日、祝日】山口県下松市西豊井1247(下松駅南口),【平日】電話：(0833)41-2150【土日、祝日】電話：(0833)45-6911,【平日】8：30〜17：15ただし、土日、祝日及び年末年始（１２月２９日～１月３日）はお休みです【土日、祝日】9：00〜16：30ただし、月、木曜日（祝日の場合は振替）及び年末年始（１２月２９日～１月３日）はお休みです,131.86987 : 34.01464,131.87376 : 34.01401,,,
下松市(B001),第11弾,2019/12/14,【月・木以外】下松市観光協会案内所【月・木・閉館日】下松市上下水道局　窓口,【月・木以外】山口県下松市西豊井1247(下松駅南口)【月・木・閉館日】山口県下松市大手町3-3-2（上下水道局２階）,【月・木以外】電話：(0833)45-6911※ただし、月・木が祝日の場合は開館しますのでご注意ください【月・木・閉館日】電話：(0833)41-2150,【月・木以外】9：00〜16：30ただし、月、木曜日（祝日の場合は振替）及び年末年始（１２月２９日～１月３日）はお休みです【月・木・閉館日】8：30〜17：15ただし、土日、祝日及び年末年始（１２月２９日～１月３日）はお休みです,131.87376 : 34.01401,131.86987 : 34.01464,,,
岩国市(A001),第10弾,2019/8/7,岩国市観光交流所本家 松がね,山口県岩国市岩国1丁目7-3,電話：0827-28-6600,9:00～17：00（4月～8月は18：00まで）,132.17938 : 34.1658,,,,
岩国市(B001),第23弾,2024/7/26,岩国市英語交流センター「PLAT　ABC」,山口県岩国市元町1丁⽬1番1号 レジデンス岩国駅東1階,電話:0827-28-5313,9:00～19:00ただし、火曜日はお休みです,132.203763 : 34.164475,,,,
柳井市,第23弾,2024/7/26,柳井市観光協会,山口県柳井市柳井3714-1,電話:0820-23-3655,【平日】9：00～17：00【土日】9：00～16：00,132.10574 : 33.97117,,,,
山陽小野田市,第12弾,2020/4/25,【通常】歴史民俗資料館【休館日】山陽小野田市役所 建設部下水道課,【通常】山口県山陽小野田市栄町9-21【休館日】山口県山陽小野田市日の出1-1-1,【通常】電話:0836-83-5600【休館日】電話:0836-82-1164(問合せ先)山陽小野田市役所 建設部下水道課0836-82-1164,9:00～17:00ただし、月曜日（祝日の場合は翌平日も休館）・祝日（土曜日の場合は開館、月曜日を除く翌平日が休館）、年末年始（12/27～1/5）はお休みです※ただし、祝日は市役所も配布しません※歴史民俗資料館の開館日はこちらをご確認ください,131.17599 : 33.99084,131.1815 : 34.00325,,,
和木町(A001),第07弾,2018/4/28,和木町蜂ヶ峯総合公園 管理棟,山口県玖珂郡和木町大字瀬田紺屋作260-1,電話：0827-52-3751,9：00～17：00ただし、年末年始（12/29～1/1）はお休みです,132.21562 : 34.19197,,,,
和木町(B001),第20弾,2023/7/28,和木町蜂ヶ峯総合公園　Ｂｅｅ＋交流棟,山口県玖珂郡和木町瀬田173番地4,電話:0827-28-4666,9：00～17：00ただし、年末年始（12/29～1/1）はお休みです,132.21562 : 34.19197,,,,
徳島県（流域下水道）,第9弾,2018/12/14,【平日】旧吉野川浄化センター（愛称：アクアきらら月見ヶ丘）【休日】月見ヶ丘海浜公園,【平日】徳島県板野郡松茂町豊岡字山の手41【休日】徳島県板野郡松茂町豊岡字山の手42,【平日】電話：088-699－9630【休日】電話：088-699-6697,【平日】9:00～16:00【土日・祝日】10:00～16:00ただし、年末年始はお休みです,134.60347 : 34.1207,134.60962 : 34.12496,,,
鳴門市(A001),第04弾,2017/4/3,鳴門市観光情報センター,徳島県鳴門市撫養町大桑島濘岩浜75-1,電話:088-686-0743,8：00～20：00,134.61131 : 34.1833,,,,
鳴門市(B001),第23弾,2024/7/26,鳴門市うずしお観光協会,徳島県鳴門市撫養町南浜字東浜165番10（うずしお会館１F）,電話：088-684-1731,9：00～17：00ただし、年末年始（12/29〜1/3）はお休みです,134.60901 : 34.17317,,,,
吉野川市,第24弾,2024/12/20,【平日】吉野川市役所　商工観光課【土日祝日】吉野川市役所　休日窓口,徳島県吉野川市鴨島町鴨島115-1,電話:0883-22-2226,【平日】8：30～17：15【土日祝日】8：30～17：15ただし、年末年始はお休みです,134.35863 : 34.06612,,,,
海陽町,第23弾,2024/7/26,海陽町観光協会,徳島県海部郡海陽町久保字板取 219-6道の駅「宍喰温泉」内,電話:0884-76-3050,9：30～17：30,134.30051 : 33.57378,,,,
松茂町(A001),第7弾,2018/4/28,【平日】松茂町役場 上下水道課【休日】松茂町役場 日直室,徳島県板野郡松茂町広島字東裏30,電話：088-699-8717,8：30～17：15,134.58 : 34.13366,,,,
松茂町(B001),第13弾,2020/12/17,【平日】松茂町総合会館【休日】松茂町役場守衛室,徳島県板野郡松茂町広島字東裏３０番地,【平日】電話：088-699-8717【休日】電話：088-699-2111,【平日】8：30～17：15【土日祝日】8：30～17：15,134.58 : 34.13366,,,,
香川県（流域下水道・A001）,第02弾,2016/8/1,【平日】中讃流域下水道大束川浄化センター【休日】丸亀城内観光案内所,【平日】香川県綾歌郡宇多津町吉田4001-4【休日】香川県丸亀市一番丁（丸亀城内）,【平日】電話：0877-46-2016【休日】電話：0877-25-3881,【平日】8：30～17：00【休日】9：00～16：30,133.82556 : 34.3103,133.80017 : 34.28633,,,
香川県（流域下水道・A002）,第02弾,2016/8/1,【平日】中讃流域下水道金倉川浄化センター【休日】多度津町役場宿直室,【平日】香川県仲多度郡多度津町堀江5-10-1【休日】香川県仲多度郡多度津町栄町3-3-95,【平日】電話：0877-32-6005【休日】電話：0877-33-1110,【平日】8:30～17:00【休日】8:30～17:15,133.76163 : 34.2841,133.75708 : 34.27142,,,
高松市(A001),第03弾,2016/12/1,瓦町FLAG 市民サービスセンター,香川県高松市常磐町1-3-1（FLAG8階）,電話：087-863-2888,10：00～18：30ただし、年末年始（12/29～1/3）はお休みです,134.05255 : 34.33869,,,,
高松市(B001),第17弾,2022/8/6,高松盆栽の郷,香川県高松市国分寺町国分353-1,電話：087-874-2795,9：30～17：00ただし、年末年始はお休みです,133.95302 : 34.3025,,,,
丸亀市（A001）,第04弾,2017/4/3,【平日】丸亀市役所 下水道課【休日】丸亀城内観光案内所,【平日】香川県丸亀市大手町2-4-21（市役所本庁3階）【休日】香川県丸亀市一番丁（丸亀城内）,【平日】電話：0877-24-8850【休日】電話：0877-25-3881,【平日】8：30～17：15【休日】9：00～16：30,133.79863 : 34.28991,133.80017 : 34.28633,,,
丸亀市（B001）,第09弾,2018/12/14,【平日】丸亀市飯山市民総合センター 業務担当窓口【休日】丸亀市飯山市民総合センター 守衛室,香川県丸亀市飯山町川原1114番地1,電話：【平日】0877-98-7957【休日】0877-98-2251,8：30～17：15,133.86215 : 34.26397,,,,
丸亀市(C001),第12弾,2020/4/25,【平日】丸亀市綾歌市民総合センター業務担当窓口【休日】丸亀市綾歌市民総合センター守衛室,香川県丸亀市綾歌町栗熊西1638番地,【平日】電話：0877-86-5516【休日】電話:0877-86-2311(問合せ先)丸亀市役所都市整備部下水道課電話:0877-24-8850,【平日】8：30～17：15【休日】8：30～17：15,133.87839 : 34.23191,,,,
丸亀市(D001),第24弾,2024/12/20,【平日】丸亀市浄化センター【休日】丸亀城内観光案内所,【平日】香川県丸亀市昭和町21番地1【休日】香川県丸亀市一番丁　丸亀城内,【平日】電話:0877-23-2278【休日】電話:0877-25-3881（問合せ先）丸亀市役所都市整備部下水道課電話:0877-24-8850,【平日】8:30～17:00【休日】9:00～16:30※土曜日・日曜日・祝日、12月29日～1月3日に配布します,133.76994 : 34.29431,133.80017 : 34.28633,,,
坂出市,第22弾,2024/4/26,坂出市観光案内所,香川県坂出市元町1-1-1 JR坂出駅構内,電話:0877-35-8428,8：45～17:30ただし、年末年始はお休みです,133.8553 : 34.31334,,,,
観音寺市,第03弾,2016/12/1,【平日】観音寺市下水浄化センター【休日】観音寺市役所守衛室,【平日】香川県観音寺市瀬戸町四丁目２番11号【休日】香川県観音寺市坂本町一丁目１番１号,【平日】電話：0875-25-6890【休日】記載無し,8：30～17：15,133.63474 : 34.11451,133.66209 : 34.12834,,,
さぬき市,第7弾,2018/4/28,さぬき市役所建設経済部　下水道課,香川県さぬき市志度5385番地8　本庁舎2階,電話：087-894-1611,【平日】8：30～17：00【休日】9：00～17：00,134.17056 : 34.32465,,,,
東かがわ市,第8弾,2018/8/11,【平日】東かがわ市役所 都市整備課【休日】東かがわ市役所 市民課,香川県東かがわ市湊1847-1,電話：0879-26-1304,8：30～17：15,134.3604 : 34.24298,,,,
三木町,第4弾,2017/4/3,三木町役場下水道課,香川県木田郡三木町大字氷上310,電話：087-891-3315,8：30～17：15※土、日、祝日及び年末年始は宿直室で配布します,134.13509 : 34.26835,,,,
綾川町(A001),第09弾,2018/12/14,綾川町役場建設課,香川県綾歌郡綾川町滝宮299番地,電話：087-876-5280,8：30～17：15,133.92546 : 34.24969,,,,
綾川町(B001),第10弾,2019/8/7,綾川町立生涯学習センター,香川県綾歌郡綾川町滝宮318番地,電話：087-876-6100,9:00～18:00,133.92546 : 34.24969,,,,
多度津町,第9弾,2018/12/14,【平日】多度津町役場建設課【休日】多度津町役場宿直室,香川県仲多度郡多度津町栄町3丁目3番95号,電話：【平日】0877-33-1112【休日】0877－33－1110,8：30～17：15,133.75708 : 34.27142,,,,
まんのう町,第11弾,2019/12/14,道の駅「空の夢もみの木パーク」,香川県まんのう町追上424番地1,電話：0877-75-1994,8:00〜17:30※12/31〜1/5及び、臨時休業日はお休みです,134.04657 : 34.34279,,,,
松山市(A001),第03弾,2016/12/1,坂の上の雲ミュージアム,愛媛県松山市一番町3-20,電話：089-915-2600,9：00～18：00ただし、毎週月曜日（祝日の場合は開館）はお休みです,132.76872 : 33.84193,,,,
松山市(B001),第13弾,2020/12/17,道後温泉別館飛鳥乃湯泉,愛媛県松山市道後湯之町19番22号,電話：089-932-1126,6:00～23:00ただし、年1日の休館日があります（不定）,132.78485 : 33.85237,,,,
今治市(A001),第10弾,2019/8/7,Tourist Information Center（イオンモール今治新都市内）,愛媛県今治市にぎわい広場1番地1,電話:0898-35-3199,10:00～19:00ただし、年末年始(12/29〜1/3)はお休みです,132.96246 : 34.04425,,,,
今治市(B001),第24弾,2024/12/20,今治駅前観光インフォメーションセンター(今治駅前サイクリングターミナル交流スペース内),愛媛県今治市北宝来町2丁目甲773番地8,電話:0898-36-1118,3月～11月：8時～19時12月～2月：8時～18時,132.99413 : 34.06541,,,,
宇和島市,第4弾,2017/4/3,宇和島市観光情報センター「シロシタ」（宇和島市観光物産協会事務所）,愛媛県宇和島市丸之内5-1-4,電話：0895-49-5700（問い合わせ先）宇和島市役所 都市整備課電話：0895-49-7027,9：00～18：00ただし、年末年始（12/31～1/1）はお休みです,132.56522 : 33.22132,,,,
八幡浜市(A001),第3弾,2016/12/1,道の駅 みなとオアシス八幡浜みなっと みなと交流館,愛媛県八幡浜市沖新田1581-23,電話：0894-21-3710,9：00～18：00ただし、年末年始（12/29～1/3）は、八幡浜市役所宿直室で配布します,132.41872 : 33.45923,,,,
八幡浜市(B001),第13弾,2020/12/17,【平日】八幡浜市役所農林課【休日】八幡浜市役所宿直室,愛媛県八幡浜市北浜1丁目1番1号,【平日】電話：0894-22-3111【休日】記載無し,8：30～17：15休日、年末年始(12/29～1/3)は八幡浜市役所宿直室で配布します,132.42331 : 33.46283,,,,
新居浜市,第3弾,2016/12/1,あかがねミュージアム※上記施設休館日のみ新居浜市観光物産協会「ここくるにいはま」（新居浜駅東側）で配布します。（年末年始除く）,愛媛県新居浜市坂井町2-8-1,電話：0897-31-0305,9：30～17：00※ただし、月曜日・年末年始（12/30～1/1）はお休みです。※振替休館日、臨時休館日もありますので、事前に左記施設HPをご確認ください,133.29506 : 33.94945,,,,
西条市,第13弾,2020/12/17,西条市観光交流センター,愛媛県西条市大町798番地1,電話：0897-56-2605,9：30-17：30,133.18925 : 33.91162,,,,
大洲市,第6弾,2017/12/9,大洲まちの駅 あさもや,愛媛県大洲市大洲649-1,電話：0893-24-7011（問い合わせ先）大洲市建設部 下水道課電話：0893-24-1720,9：00～17：00※あさもや内観光案内所にて配布いたしますただし、年末（12/29～12/31）はお休みです,132.54694 : 33.50654,,,,
伊予市,第17弾,2022/8/6,ウェルピア伊予,愛媛県伊予市下三谷1761番地1,電話：089-983-4500,9：00～17：00ただし、施設休館日は配布できません,132.71741 : 33.7693,,,,
四国中央市(A001),第14弾,2021/4/25,紙のまち資料館,愛媛県四国中央市川之江町4069-1,電話:0896-28-6257(問合せ先)四国中央市建設部下水道課電話：0896-28-6230,9:00～16:00ただし、月曜日、祝日の翌日及び年末年始(12月29日～1月3日)はお休みです,133.57356 : 34.00805,,,,
四国中央市(B001),第23弾,2024/7/26,みんなの広場『四国中央ドットコム』,愛媛県四国中央市川之江町1814-5,電話:0896-58-8726（問合せ先）四国中央市建設部下水道課電話:0896-28-6230,10:00～17:00ただし、日曜、祝日、お盆、年末年始はお休みです,133.57474 : 34.0137,,,,
西予市,第16弾,2022/1/15,宇和文化の里休憩所,愛媛県西予市宇和町卯之町三丁目223番地,電話：0894-62-3843(問合せ先)西予市 建設部 上下水道課電話：0894-62-6495,9:00～16:30ただし、月曜日（月曜祝日の場合はその翌日)・年末年始はお休みです,132.51439 : 33.36298,,,,
東温市(A001),第8弾,2018/8/11,東温市さくらの湯 観光物産センター,愛媛県東温市北方甲2098,（問い合わせ先）東温市役所上下水道課電話：089-964-4416,9：00～17：00ただし、火曜日、毎月第4水曜日、年末年始（12/29～1/3）はお休みです,132.9126 : 33.80406,,,,
東温市(B001),第11弾,2019/12/14,東温アートヴィレッジセンター,愛媛県東温市見奈良1125番地 レスパスシティ内クールスモール2階,電話：089-990-7210(問合せ先)東温市役所　上下水道課電話：089-964-4416,10:00～18:00ただし、毎週火曜日及び年末年始（12/31～1/3日）はお休みです,132.88025 : 33.79095,,,,
砥部町,第16弾,2022/1/15,【通常】砥部焼伝統産業会館【休館日】砥部町役場上下水道課,【通常】愛媛県伊予郡砥部町大南335番地【休館日】愛媛県砥部町宮内1392番地,【通常】電話：089-962-6600【休館日】電話：089-962-6363,【通常】9：00～17：00ただし、月曜日(祝日の場合は翌日)、12月29日～1月1日はお休みです【休館日】8：30～17：15砥部焼伝統産業会館の休館日に配布しますただし、砥部町役場は、年末年始(12/29～1/3)はお休みです,132.78952 : 33.72781,132.76555 : 33.83916,,,
伊方町,第23弾,2024/7/26,道の駅「佐田岬半島ミュージアム」,愛媛県西宇和郡伊方町塩成乙293番地,電話:0894-21-3400,9：30～17：30ただし、月曜日（月曜日が祝日の場合はその翌平日）、祝日の翌平日、年末年始（12/29～1/3）はお休みです。資料整理等のために臨時休館となる場合があります。,132.25146 : 33.44317,,,,
高知県（流域下水道）,第05弾,2017/8/1,【平日】高須浄化センター【休日】高知県立美術館　１階　総合案内,【平日】高知県高知市高須304【休日】高知県高知市高須353-2,【平日】電話：088-866-0311【休日】電話：088-866-8000（問い合わせ先）高知県土木部公園上下水道課電話：088-823-9854,【平日】8:30-17:15(12：00～13：00の間はお休みです)【休日】9:00-16:30※年末年始はお休みです。※休日は、令和2年10月10日～令和8年3月29日の試行配布です。ご注意ください。,133.57523 : 33.564,133.57265 : 33.56258,,,
高知市,第1弾,2016/4/1,【平日】海老ノ丸ポンプ場【休日】高知県立美術館　１階　総合案内,【平日】高知県高知市海老ノ丸13-6【休日】高知県高知市高須353-2,【平日】電話：088-882-4538【休日】電話：088-866-8000（問い合わせ先）高知市上下水道局下水道整備課電話：088-821-9248,【平日】8：30～17：15※土日、祝日、年末年始はお休みです【休日】9:00～16:30※年末年始はお休みです※休日は、令和7年4月1日～令和8年3月31日の試行配布です。ご注意ください,133.56734 : 33.56318,133.57265 : 33.56258,,,
須崎市（A001）,第1弾,2016/4/1,一般社団法人 須崎市観光協会,高知県須崎市原町1-9-11,電話：0889-40-0315,【平日】8：30～17：15【土日祝】9：00～12：00、13：00～17：15　（12時から13時の1時間はお休み）,133.29272 : 33.39209,,,,
須崎市（B001）,第8弾,2018/8/11,すさきまちかどギャラリー 旧三浦邸,高知県須崎市青木町1-16,電話：050-8803-8668（問い合わせ先）須崎市役所建設課電話：0889-42-5193,9：00～17：00ただし、月曜日（祝日の場合は翌日）、年末年始（12/29～1/3）、臨時休館日はお休みです,133.28934 : 33.39011,,,,
香南市（A001）,第1弾,2016/4/1,【平日】香南市役所 1階「総合案内」【休日】香南市観光協会(土佐くろしお鉄道ごめん・なはり線のいち駅構内),【平日】高知県香南市野市町西野2706【休日】高知県香南市野市町西野2056,【平日】電話：0887-57-8512※総合案内が不在の時は、5階上下水道課で配布しています。【休日】電話:0887-56-5200,【平日】8：30～17：15【休日】9:00〜17:00※ただし、年末年始（12/29～1/3）はお休みです,133.70021 : 33.56356,133.69893 : 33.5619,,,
香南市（B001）,第1弾,2016/4/1,【平日】香南市役所 香我美庁舎【休日】道の駅やす「地域情報コーナー」,【平日】高知県香南市香我美町下分646【休日】高知県香南市夜須町千切537-90,【平日】電話：0887-55-2111（問い合わせ先）香南市役所 上下水道課電話：0887-57-8512【休日】電話:0887-57-7122,【平日】8：30～17：15【休日】9:30〜17:30※ただし、年末年始（12/29～1/3）はお休みです,133.74127 : 33.57186,133.75423 : 33.53321,,,
香南市（C001）,第1弾,2016/4/1,【平日】香南市役所 夜須庁舎【休日】道の駅やす「地域情報コーナー」,【平日】高知県香南市夜須町坪井219【休日】香南市夜須町千切537-90,【平日】電話：0887-55-3141（問い合わせ先）香南市役所 上下水道課電話：0887-57-8512【休日】電話:0887-57-7122,【平日】8：30～17：15【休日】9:30〜17:00※ただし、年末年始（12/29～1/3）はお休みです,133.75508 : 33.5375,133.75423 : 33.53321,,,
香南市(D001),第15弾,2021/8/17,香南市観光協会,高知県香南市野市町西野2056,電話：0887-56-5200,9:00～17:00ただし、年末年始はお休みです,133.69893 : 33.5619,,,,
土佐町,第8弾,2018/8/11,道の駅さめうら,高知県土佐郡土佐町田井448-2,電話：0887-82-1680（問い合わせ先）土佐町役場建設課電話：0887-82-0400,9：00～18：00ただし、年末年始（12/31～1/2、1/3午前）はお休みです,133.565 : 33.72729,,,,
福岡県（流域下水道）,第8弾,2018/8/11,【平日】福岡県庁１階　総合案内窓口【休日】御笠川浄化センター,【平日】福岡県福岡市博多区東公園7-7【休日】福岡県福岡市博多区那珂4-5-1,【平日】電話：092-643-3727【休日】電話：092-451-4911浄化センター内には駐車できないため公共交通機関でお越しください受付場所はセンター正門横の守衛室です。業務のため、お待たせすることもありますがご了承ください。,【平日】8：30～17：45【休日】10：00～15：00ただし、年末年始はお休みです,130.41801 : 33.6062,130.44357 : 33.57103,,,
北九州市（A001）,第1弾,2016/4/1,日明浄化センター,福岡県北九州市小倉北区西港町96-3,電話：093-581-5670,9：00～12：00、13：00～16：00まで、日明浄化センターを見学された方に配布します。見学は事前にお申込みくださいただし、土日、祝日、年末年始はお休みです,130.87111 : 33.91184,,,,
北九州市（B001）,第5弾,2017/8/1,【平日】日明浄化センター【土・日・祝】ミクニワールドスタジアム北九州,【平日】福岡県北九州市小倉北区西港町96-3【土・日・祝】福岡県北九州市小倉北区浅野3-9-33,電話：093-581-5670（問い合わせ先）北九州市上下水道局下水道計画課電話：093-582-2480（平日17：15まで）,【平日】9：00～12：00、13：00～16：00まで、日明浄化センターを見学された方に配布します。見学は事前にお申込みください【土・日・祝】9:00～21:00,130.87111 : 33.91184,130.88846 : 33.88998,,,
北九州市（C001）,第8弾,2018/8/11,北九州市漫画ミュージアム,福岡県北九州市小倉北区浅野2丁目14-5,電話：093-512-5077,11：00～19：00ただし、火曜日と年末年始はお休みです,130.88358 : 33.88874,,,,
北九州市（D001）,第9弾,2018/12/14,【平日】北九州市　環境・コミュニティセンター【土日祝】若松区役所守衛,【平日】福岡県北九州市若松区本町2丁目9-4【土日祝】福岡県北九州市若松区浜町1丁目1-1,(問い合わせ先)北九州市上下水道局下水道部下水道計画課電話：093-582-2480,【平日】12:00～16:00【土日祝】9:00〜17:00ただし、お盆、年末年始はお休みです,130.80887 : 33.90333,130.81146 : 33.90522,,,
福岡市（A001）,第01弾,2016/4/1,福岡市下水道博物館,福岡県福岡市博多区祇園町8-3（ぽんプラザ2階）,電話：092-262-5027（問い合わせ先）福岡市道路下水道局総務課電話：092-711-4503,10：00～19：00ただし、毎月第3水曜日と年末年始はお休みです,130.41116 : 33.59118,,,,
福岡市(C001),第16弾,2022/1/15,福岡市情報プラザ,福岡県福岡市中央区天神1-8-1（福岡市役所1階）,電話：092-733-5333,9：00～20：00ただし、年末年始（12/31～1/3）、その他に臨時休館日はお休みです,130.40158 : 33.59008,,,,
大牟田市,第7弾,2018/4/28,【平日】大牟田市企業局 下水道建設課【休日】大牟田市企業局 管理（宿直）室,福岡県大牟田市有明町2-3,電話：0944-41-2844,9：00～17：00,130.44614 : 33.03017,,,,
久留米市,第6弾,2017/12/9,久留米シティプラザ,福岡県久留米市六ツ門町8-1,電話：0942-36-3000（問い合わせ先）久留米市企業局上下水道部電話：0942-30-8500,10：00～19：00ただし、年末年始（12/29～1/3）はお休みです,130.51317 : 33.314,,,,
筑後市,第11弾,2019/12/14,【平日】筑後市役所上下水道課【土・祝休日】筑後市中央公民館（愛称：サンコア）,【平日】福岡県筑後市大字山ノ井898番地【土・祝休日】福岡県筑後市大字山ノ井８９８番地,【平日】電話：0942-65-7036【土・祝休日】電話：0942-53-21780942-53-2516,【平日】8：30～17：15ただし、年末年始はお休みです【土曜日】9：00～22：00【祝休日】9：00～17：15ただし、月曜日が祝祭日の場合と年末年始はお休みです,130.50316 : 33.21235,130.50316 : 33.21235,,,
小郡市,第7弾,2018/4/28,【平日】小郡市役所 下水道課【休日】小郡市総合保健福祉センターあすてらす総合受付,【平日】福岡県小郡市小郡255-1【休日】福岡県小郡市二森1167-1,【平日】電話：0942-72-2111（内線342）【休日】電話：0942-72-6666,9：00～17：00ただし、12月28日が土曜日の場合、年末年始（12/29～1/4）はお休みです,130.55583 : 33.39653,130.55872 : 33.38118,,,
大野城市,第8弾,2018/8/11,【通常】大野城心のふるさと館【休館日】大野城市役所　新館２階　企業総務課（12/29～1/3：大野城市役所　北玄関横通用口　警備員室）,【通常】福岡県大野城市曙町3-8-3【休館日】福岡県大野城市曙町2丁目2-1,【通常】電話：092-558-5000（問い合わせ先）大野城市上下水道局企業総務課電話：092-580-1933,9：00～19：00ただし、月曜日（月曜日が祝日の場合は翌平日）、年末年始（12/28～1/4）は休館日です※休館日の配布時間は8:30〜17:00です,130.48065 : 33.53485,130.47884 : 33.53611,,,
宗像市（A001）,第3弾,2016/12/1,観光ステーションむなたびラボ(道の駅むなかた南館),福岡県宗像市江口1177-1,電話：0940-62-3811（問い合わせ先）宗像市下水道課（宗像終末処理場内）電話：0940-36-4136（平日17：00まで）,9:00～17:00※ただし、毎月第4月曜日（祝日の場合は翌日）お盆、年末年始はお休みです,130.5038 : 33.84834,,,,
宗像市（B001）,第9弾,2018/12/14,街道の駅赤馬館（宗像市東部観光拠点施設）,福岡県宗像市赤間4-1-8,電話：0940-35-4128（問い合わせ先）宗像市下水道課（宗像終末処理場内）電話：0940-36-4136（平日17：00まで）,10：00～17：00ただし、月曜日（月曜日が祝日の場あいは火曜日）は休館日です。夏季、冬季休館日があります※休館日は、宗像終末処理場（福岡県宗像市田熊1373）で配布します（ただし、平日8：30～17：00に限る。年末年始（12/29～1/3）はお休み）,130.58873 : 33.80457,,,,
太宰府市(A001),第17弾,2022/8/6,大宰府展示館,福岡県太宰府市観世音寺4-6-1,電話：092-922-7811,9：00～16：30ただし、月曜日（祝日の場合は翌日）、年末年始（12/28～1/4）はお休みです,130.51486 : 33.51457,,,,
太宰府市(B001),第18弾,2023/1/28,とびうめアリーナ（太宰府市総合体育館）,福岡県太宰府市大字向佐野21-2,電話：092-408-1354(問合せ先)太宰府市都市整備部上下水道課電話：092-408-4024,9:00〜22:00ただし、毎月最終水曜日(祝日の場合は翌日)、年末年始(12/28～1/4)はお休みです。,130.50027 : 33.50997,,,,
太宰府市(C001),第19弾,2023/4/28,太宰府館,福岡県太宰府市宰府3-2-3,電話:092-918-8700（問合せ先）太宰府市都市整備部上下水道課電話:092-408-4024,10:00〜18:00ただし、毎週水曜日(祝日の場合は翌日)はお休みです,130.53305 : 33.51999,,,,
古賀市,第13弾,2020/12/17,【平日】福岡県古賀市役所上下水道庁舎【休日】古賀水再生センター,【平日】福岡県古賀市駅東1-1-1【休日】福岡県古賀市古賀1337-3,【平日】電話：092-942-1118【休日】電話：092-943-7562,【平日】8:30～17:00ただし、土日祝日と年末年始はお休みです【休日】8:30～17:00ただし、年末年始はお休みです,130.46988 : 33.72892,130.45699 : 33.73286,,,
那珂川市,第9弾,2018/12/14,【平日】那珂川市役所　下水道課【休日】博多南駅前ビル1F　ナカイチインフォメーション,【平日】福岡県那珂川市大字安徳702番地1【休日】福岡県那珂川市中原2丁目120 博多南駅前ビル,【平日】電話：092-408-6271【休日】電話：092-710-2003,【那珂川市役所　下水道課(平日)】8：30～17：00【博多南駅前ビル1F　ナカイチインフォメーション】10：00～18：00,130.42496 : 33.49912,130.43408 : 33.51849,,,
宇美町,第12弾,2020/4/25,【平日】宇美町役場上下水道課【休日】宇美町役場守衛室,福岡県糟屋郡宇美町宇美5丁目1番1号,【平日】電話:092-934-2224【休日】宇美町役場守衛室電話:092-932-1111,【平日】8:30～17:00【休日】8:30～20:00休日：土日祝日、12月29日～1月3日,130.51118 : 33.56776,,,,
志免町,第5弾,2017/8/1,【平日】志免町役場 上下水道課窓口【休日】志免町総合福祉施設 シーメイト総合窓口,【平日】福岡県糟屋郡志免町志免中央1-1-1【休日】福岡県糟屋郡志免町大字志免451-1,電話：092-936-8141,【平日】8：30～17：00【休日】9：00～21：00ただし、年末年始（12/29～1/4）はお休みです,130.47972 : 33.59146,130.48653 : 33.59024,,,
芦屋町,第9弾,2018/12/14,（一社）芦屋町観光協会,福岡県遠賀郡芦屋町大字芦屋1455-284,電話：093-221-1001,8：30～17：00ただし、月曜日（月曜日が祝日の場合は翌日)はお休みです,130.64578 : 33.8889,,,,
岡垣町,第6弾,2017/12/9,【平日】岡垣町役場おかがきPR課窓口【休日】岡垣町役場 警備員室,福岡県遠賀郡岡垣町野間1-1-1,電話：093-282-1211,8：30～17：15ただし、年末年始はお休みです,130.61143 : 33.85328,,,,
佐賀市(A001),第02弾,2016/8/1,【平日】佐賀市下水浄化センター 事務室【土日祝日】東よか干潟ビジターセンター「ひがさす」,【平日】佐賀県佐賀市西与賀町大字高太郎2667（管理棟2階）【土日祝日】佐賀県佐賀市東与賀町大字田中2757-4,【平日】電話：0952-22-0181【土日祝日】電話：0952-37-0515,【平日】8：30～17：15ただし、年末年始（12/29～1/3）はお休みです【土日祝日】9：00～17：00ただし、年末年始（12/29～1/3）はお休みです,130.26544 : 33.21765,130.28151 : 33.19681,,,
佐賀市(B001),第14弾,2021/4/25,佐賀工房バルーンミュージアム店,佐賀県佐賀市松原2丁目2－27,電話:0952-37-0007(問合せ先)佐賀市上下水道局電話：0952-34-5033,10：00〜17：00ただし、年末年始はお休みです,130.300517 : 33.25224,,,,
武雄市,第17弾,2022/8/6,【平日】武雄市役所下水道課【土日祝日】武雄市役所当直室,佐賀県武雄市武雄町大字昭和12番地10,【平日】電話：0954-23-9118【土日祝日】電話：0954-23-9111,【平日】8：30～17：15【土日祝日】8：30～17：15,130.02153 : 33.19486,,,,
鹿島市,第7弾,2018/4/28,【平日】鹿島新世紀センター 環境下水道課【休日】鹿島新世紀センター 宿直室,佐賀県鹿島市大字納富分2643-1（1階）,電話：0954-63-3416,9：00～17：00,130.09857 : 33.10358,,,,
神埼市,第4弾,2017/4/3,神埼情報館,佐賀県神埼市神埼町鶴3456-4,電話：0952-37-1700,9：00～17：00ただし、年末（12/29～12/31）はお休みです,130.371 : 33.31226,,,,
みやき町,第12弾,2020/4/25,みやき町庁舎 1F 北茂安総合窓口課,佐賀県三養基郡みやき町大字東尾737-5,(問合せ先)みやき町役場下水道課電話:0942-96-5535,8：30～17：15ただし、土、日、祝日、年末年始はお休みです,130.45499 : 33.32489,,,,
有田町,第22弾,2024/4/26,一般社団法人 有田観光協会,佐賀県西松浦郡有田町幸平1-1-1,電話:0955-43-2121,9：00～17：00ただし、12月29日～1月3日、天変地異その他事由による休館日はお休みです令和6年4月29日より配布開始します,129.89774 : 33.19036,,,,
江北町,第5弾,2017/8/1,【平日】江北町役場 基盤整備課【休日】江北町役場 役場宿直室窓口,佐賀県杵島郡江北町大字山口1651-1,電話：0952-86-5624（問い合わせ先）江北町役場 基盤整備課 下水道係電話：0952-86-5624,9：00～17：00（年中無休）,130.15146 : 33.23577,,,,
白石町,第9弾,2018/12/14,【平日】佐賀県白石町役場生活環境課（庁舎2階）【休日】佐賀県白石町役場守衛室,佐賀県杵島郡白石町大字福田1247-1,電話：【平日】0952-84-7118【休日】0952-84-2111,8：30～17：15,130.14366 : 33.18127,,,,
長崎県（流域下水道）,第08弾,2018/8/11,【平日】大村湾南部浄化センター【休日】諫早物産ホール諫早観光物産コンベンション協会【水曜日以外】大村公園観光案内所,【平日】長崎県諫早市貝津町1410【休日】長崎県諫早市高城町5-10【水曜日以外】長崎県大村市玖島1-45-3,【平日】電話：0957-25-4758（問い合わせ先）長崎県環境部水環境対策課電話：095-895-2661,【平日】9：00～17：00【休日】9：00～18：00ただし、年末年始はお休みです【水曜日以外】9：00～17：00ただし、水曜日（おおむら花まつり期間を除く）と年末年始はお休みです,130.01242 : 32.84493,130.05194 : 32.84533,,,
長崎市(A001),第03弾,2016/12/1,長崎市南山手地区町並み保存センター,長崎県長崎市南山手町4-33,（問い合わせ先）長崎市事業管理課電話：095-829-1209,9：00～17：00ただし、毎週月曜日（祝日を除く）と年末年始（12/29～1/3）はお休みです,129.86894 : 32.73492,,,,
長崎市(B001),第16弾,2022/1/15,長崎市旧香港上海銀行長崎支店記念館,長崎県長崎市松が枝町4-27,電話：095-827-8746(問合せ先)長崎市上下水道局事業部事業管理課電話：095-829-1209（直通）,9：00～17:00ただし、毎月第3月曜日（祝日の場合は翌日）はお休みです,129.8696 : 32.73644,,,,
佐世保市,第8弾,2018/8/11,くっけん広場,長崎県佐世保市下京町8-10,電話：0956-88-7315,10：00～18：00,129.72328 : 33.16888,,,,
諫早市,第4弾,2017/4/3,【水曜日以外】（（一社）諫早観光物産コンベンション協会）【水曜日及び臨時休館日】諫早市役所別館2F　下水道課,【水曜日以外】長崎県諫早市高城町5-10（諫早商工会館１階：無料駐車場無し）【水曜日及び臨時休館日】長崎県諫早市東小路町7-1,（問い合わせ先）諫早市上下水道局　下水道課電話：０９５７－２２－１５００（代表）０９５７－２２－２６３５（直通）,130.052176 : 32.845309,130.0536 : 32.84421,,,,
大村市,第4弾,2017/4/3,大村公園観光案内所,長崎県大村市玖島1-45-3,電話：0957-52-3605,9：00～17：30ただし、おおむら花まつり期間を除く毎週水曜日と年末年始はお休みです,129.95605 : 32.89718,,,,
壱岐市,第6弾,2017/12/9,壱岐市役所郷ノ浦庁舎 窓口,長崎県壱岐市郷ノ浦町本村触562（地下1階）,電話：0920-48-1111,8：00～17：15,129.69124 : 33.74967,,,,
南島原市,第16弾,2022/1/15,有馬キリシタン遺産記念館,長崎県南島原市南有馬町乙１３９５番地,電話：0957-85-3217,9：00～18：00ただし、毎週木曜日、年末年始（12月29日～翌年1月3日）はお休みです,130.24205 : 32.63148,,,,
長与町,第20弾,2023/7/28,【平日】長与町水道局【土日】長与町図書館,【平日】長崎県西彼杵郡長与町嬉里郷659番地1【土日】長崎県西彼杵郡長与町嬉里郷636番地,【平日】電話:095-801-5831【土日】電話:095-883-1799,【平日】 9：00～17：00【土日】10：00～17：00ただし、祝日、年末年始、蔵書整理期間はお休みです。長与町図書館ホームページの開館日カレンダーを参考ください。,129.87482 : 32.82546,129.87584 : 32.82571,,,
熊本市（A001）,第05弾,2017/8/1,熊本市上下水道局　経営企画課,熊本県熊本市中央区水前寺6-2-45,電話：096-381-4330,【平日】8:30～17:15,130.73917 : 32.78849,,,,
熊本市（B001）,第10弾,2019/8/7,熊本市水の科学館,熊本県熊本市北区八景水谷1丁目11-1,電話：096-346-1100（問い合わせ先）熊本市上下水道局経営企画課電話：096-381-4330,9:00～17:00ただし、月曜日（祝日の場合は翌日）はお休みです,130.72218 : 32.84623,,,,
熊本市(C001),第24弾,2024/12/20,パークドーム熊本　受付兼事務所,熊本県熊本市東区平山町2972番地,電話:096-388-2180（問合せ先）熊本市上下水道局経営企画課電話:096-381-4330,9:00～21:00ただし、毎週火曜日（祝日の場合を除く）はお休みです,130.80275 : 32.83876,,,,
熊本市(D001),第24弾,2024/12/20,熊本県立総合体育館　事務所,熊本県熊本市西区上熊本1丁目9番28号,電話:096-356-1233（問合せ先）熊本市上下水道局経営企画課電話:096-381-4330,8:45～20:00ただし、毎週火曜日（祝日の場合を除く）はお休みです,130.70061 : 32.8155,,,,
熊本市(E001),第24弾,2024/12/20,ナースパワーアリーナ（熊本市総合体育館・青年会館）受付,熊本県熊本市中央区出水2-7-1,電話:096-385-1010（問合せ先）熊本市上下水道局経営企画課電話:096-381-4330,9：00～21：00ただし、毎週月曜日（祝日の場合は翌平日）と年末年始（12/29～1/3）はお休みです,130.73615 : 32.78653,,,,
熊本市(F001),第24弾,2024/12/20,【平日・土日】熊本県民総合運動公園　受付兼事務所【土日】リブワーク藤崎台球場,【平日・土日】熊本県熊本市東区石原2丁目9-1【土日】熊本市中央区宮内4番1号,【平日・土日】電話:096-380-7599【土日】電話：096-322-3367（問合せ先）熊本市上下水道局経営企画課電話:096-381-4330,①9:00～21:00ただし、毎週火曜日(祝日の場合を除く)はお休みです②9:00～17:00ただし、年末年始（12/29〜1/3）はお休みです,130.7874 : 32.84251,130.69753 : 32.8056,,,
八代市(A001),第07弾,2018/4/28,八代市水処理センター,熊本県八代市新港町3-1（管理棟2階）,電話：0965-37-1600（問い合わせ先）八代市役所 建設部 下水道建設課電話：0965-33-4458,9：00～17：00ただし、年末年始（12/29～1/3）はお休みです※施設を見学される場合は、事前に予約が必要です,130.55428 : 32.52938,,,,
八代市(B001),第14弾,2021/4/25,【平日】八代市下水道建設課【土日祝】八代市水処理センター管理棟2階,【平日】熊本県八代市松江城町1-25（八代市役所5階）【土日祝】熊本県八代市新港町三丁目1番地,【平日】電話：0965-33-4458【土日祝】電話:0965-37-1600(問合せ先)八代市役所建設部下水道建設課電話：0965-33-4458,【平日】9:00～17:00【土日祝】9:00～17:00ただし、年末年始（12月29日～1月3日）はお休みです※施設を見学をされる場合は事前に予約が必要です,130.60179 : 32.50763,130.55428 : 32.52938,,,
荒尾市,第11弾,2019/12/14,【平日】荒尾市企業局【土日祝】万田坑ステーション,【平日】熊本県荒尾市増永1903番地【土日祝】熊本県荒尾市原万田200番地2,【平日】電話：0968-64-2700【土日祝】電話：0968-57-9155,【平日】9:00～17:00【土日祝】9:30～17:00ただし、年末年始はお休みです,130.45125 : 32.97261,130.44997 : 33.00166,,,
水俣市,第13弾,2020/12/17,道の駅 木のおもちゃ館 きらら,熊本県水俣市月浦54-162,電話：0966-83-8880（問合せ先）水俣市上下水道局電話：0966-61-1626,10：00～16：00ただし、毎週水曜日、年末年始はお休みです,130.37869 : 32.19521,,,,
玉名市,第5弾,2017/8/1,観光ほっとプラザ たまララ,熊本県玉名市両迫間308,電話：0968-57-9663（問い合わせ先）玉名市役所 上下水道工務課電話：0968-75-1144,9：00～19：00（年中無休）,130.57379 : 32.942,,,,
宇城市,第15弾,2021/8/17,【平日】宇城市役所上下水道窓口【休日】道の駅不知火 アグリパーク豊野不知火店,【平日】熊本県宇城市松橋町大野85番地【休日】熊本県宇城市不知火町永尾1910-1,【平日】電話：0964-32-1674【休日】電話：0964-42-3303,【平日】8：30～17：15【休日】9：00～17：00ただし、年始（1月1～4日)はお休みです,130.68442 : 32.64811,130.61183 : 32.64849,,,
和水町,第8弾,2018/8/11,道の駅きくすい 菊水ロマン館,熊本県玉名郡和水町江田455番地,電話：0968-86-3100,9：00～17：00ただし、年末年始はお休みです,130.61557 : 32.97626,,,,
苓北町,第7弾,2018/4/28,【通常】富岡港船客待合所【施設閉鎖時】苓北町観光案内所,【通常】熊本県天草郡苓北町富岡2711-47【施設閉鎖時】熊本県天草郡苓北町上津深江4535-1,（問い合わせ先）苓北町役場 水道環境課電話：0969-35-1111,9：00～17：00（年中無休）ただし、荒天等による施設閉鎖等の際はお休みです,130.0294 : 32.52225,130.08481 : 32.50452,,,
大分市(A001),第08弾,2018/8/11,大分市観光案内所,大分県大分市要町1-1（JR大分駅構内）,電話：097-532-0723（問い合わせ先）大分市上下水道局経営企画課097-538-2404,8：30～19：00ただし、年末年始（12/31～1/2）は8：30～17：00,131.60631 : 33.23305,,,,
大分市(B001),第20弾,2023/7/28,【日曜日以外】大分市竹町通商店街振興組合【日曜日のみ】大分市観光案内所,【日曜日以外】大分県大分市中央町3丁目6番7号【日曜日のみ】大分市観光案内所大分市要町1-1（JR大分駅構内）,【日曜日以外】電話:097-534-5745【日曜日のみ】電話:097-532-0723（問合せ先）大分市上下水道局経営企画課電話:097-538-2404,【月～土】9：00～18：00【※12/30】9：00～12：00【※1/2～1/3、8/13～8/15】10：00～17：00ただし※が日曜日にあたる場合は②で配布します。【日・祝】8：30～19：00【12/31～1/1】8：30～17：00,131.60428 : 33.23819,131.60938 : 33.23952,,,
大分市(C001),第21弾,2023/12/15,大分県立美術館ミュージアムショップ「PortoPorta（ポルトポルタ）」,大分県大分市寿町2番1号 大分県立美術館内1階,電話:080-2742-9602（問合せ先）大分市上下水道局経営企画課電話:097-538-2404,【月～木・日】10：00～19：00【金・土】10：00～20：00※館内点検等による臨時休館がありますので、大分県立美術館ホームページをご確認ください。,131.60135 : 33.2393,,,,
中津市,第17弾,2022/8/6,福澤諭吉旧居・福澤記念館,大分県中津市留守居町586,電話：0979-25-0063,9：00～16：30ただし、12月31日はお休みです,131.18823 : 33.5983,,,,
佐伯市,第5弾,2017/8/1,佐伯市城下町観光交流館,大分県佐伯市城下東町8-19,（問い合わせ先）佐伯市上下水道部 下水道課電話：0972-22-4205,9：00～18：00ただし、年末年始（12/31～1/3）はお休みです,131.89413 : 32.96083,,,,
杵築市,第12弾,2020/4/25,杵築ふるさと産業館,大分県杵築市大字杵築北浜665-172,0978-62-2000,9：30～17：30ただし、12月31日～1月2日はお休みです,131.62334 : 33.42007,,,,
日出町,第10弾,2019/8/7,【平日】日出町役場 旧館２階 上下水道課【休日】日出町役場 旧館1階 時間外受付窓口,大分県速見郡日出町2974-1,電話：0977-73-3134,【平日】8：30～17：00【上記時間外及び土日・祝日】宿直室へお寄り下さい,131.53293 : 33.36923,,,,
宮崎市(A001),第03弾,2016/12/1,【平日昼間】宮崎市上下水道局３階 下水道整備課【平日夜間・土日・祝日】宮崎市上下水道局２階 料金センター,【平日昼間】宮崎県宮崎市鶴島3-252【平日夜間・土日・祝日】宮崎県宮崎市鶴島3-252,【平日昼間】電話：0985-26-7663【平日夜間・土日・祝日】電話：0985-60-6500,【平日昼間】8：30～17：15【平日夜間】17：15～20：00【土日・祝日】8：30～17：00※ただし、12/29～12/31は17：00まで。1/1～1/3はお休みです。配布窓口が【平日昼間】と【平日夜間・土日・祝日】で異なりますのでご注意ください。,131.40692 : 31.91499,131.40692 : 31.91499,,,
宮崎市(B001),第24弾,2024/12/20,【平日昼間】宮崎市下水道施設課（宮崎処理場内）【平日夜間・土日・祝日】宮崎市上下水道局2階 料金センター,【平日昼間】宮崎県宮崎市高洲町10番地【平日夜間・土日・祝日】宮崎県宮崎市鶴島3丁目252番地,【平日昼間】電話:0985-26-3336【平日夜間・土日・祝日】電話:0985-60-6500,【平日昼間】8：30～17：15【平日夜間】17：15～20：00【土日・祝日】8：30～17：00※ただし、12/29～12/31は17：00まで。1/1～1/3はお休みです。配布場所が【平日昼間】と【平日夜間・土日・祝日】で異なりますのでご注意ください。,131.45181 : 31.8989,131.40692 : 31.91499,,,
日向市,第18弾,2023/1/28,【平日】日向市役所上下水道局下水道課(別館 健康管理センター1階)【土日祝日】まちの駅　とみたか(日向市駅 南側・高架下),【平日】宮崎県日向市本町10-5【土日祝日】宮崎県日向市上町1-19,【平日】電話：0982-54-4175【土日祝日】電話：0982-54-4228,【平日】8：30～17：15【土日祝日】8：30～17：30ただし、12月31日・1月1日はお休みです。,131.62323 : 32.4229,131.62756 : 32.42521,,,
鹿児島市(A001),第08弾,2018/8/11,鹿児島市水道局本庁舎,鹿児島県鹿児島市鴨池新町1-10,電話：099-257-7111,【平日】8：30～20：00【休日】8：30～17：15,130.55569 : 31.56124,,,,
鹿児島市(B001),第12弾,2020/4/25,鹿児島市観光案内所（天文館）,鹿児島県鹿児島市千日町1番1号センテラス天文館1階,電話：099-813-7604,9:00～19:00（年中無休）,130.55489 : 31.59011,,,,
鹿児島市(C001),第17弾,2022/8/6,観光交流センター,鹿児島県鹿児島市上之園町1-1,電話：099-298-5111,9:00～18:00(年中無休),130.547387 : 31.583933,,,,
鹿屋市,第20弾,2023/7/28,鹿屋市観光物産総合センター,鹿児島県鹿屋市西原3丁目11-1,電話:0994-41-6111,9：00～16：00ただし、年末年始（12/29～1/3）はお休みです,130.83549 : 31.38314,,,,
枕崎市,第12弾,2020/4/25,枕崎駅前観光案内所,鹿児島県枕崎市東本町200,電話:0993-78-3500(問合せ先)枕崎市役所水道課下水管理係電話:0993-72-1111（内線412）,8：30～17：15,130.29863 : 31.2727,,,,
出水市,第23弾,2024/7/26,出水市ツル博物館クレインパークいずみ,鹿児島県出水市文化町1000,電話:0996-63-8915（問合せ先）出水市観光交流課電話:0996-63-4061,9：00～16：00ただし、4月〜10月：毎週月曜日（祝日の時は翌日）11月〜3月：無休,130.34285 : 32.09831,,,,
指宿市,第8弾,2018/8/11,指宿市考古博物館 時遊館COCCOはしむれ,鹿児島県指宿市十二町2290,電話：0993-23-5100（問い合わせ先）指宿市建設部都市整備課 下水道整備係電話：0993-22-2111,9：00～17：00ただし、月曜日（祝日の場合はその翌日）、第4水曜日、年末年始（12/29～1/3）はお休みです,130.64417 : 31.23199,,,,
薩摩川内市,第11弾,2019/12/14,川内駅観光案内所,鹿児島県薩摩川内市鳥追町1番1号,電話：0996-25-4700(問合せ先)薩摩川内市水道局下水道課電話：0996-20-8503,9：00～17：00年中無休,130.31236 : 31.81262,,,,
日置市,第06弾,2017/12/9,日置市観光協会,鹿児島県日置市伊集院町徳重285-12,電話：099-248-7380,9：00～17：00ただし、年末年始（12/31～1/3）はお休みです,130.39554 : 31.63055,,,,
霧島市(A001),第08弾,2018/8/11,国分シビックセンター1階総合窓口,鹿児島県霧島市国分中央3-45-1,電話：0995-45-5111（問い合わせ先）国分隼人クリーンセンター電話：0995-46-7778,8：15～17：00ただし、年末年始（12/29～1/3）はお休みです,130.76321 : 31.74093,,,,
霧島市(B001),第14弾,2021/4/25,霧島温泉観光案内所,鹿児島県霧島市牧園町高千穂3878-114,電話:0995-78-2115(問合せ先)霧島市上下水道部下水道課電話：0995-42-1143,9：00～17：00ただし、年末年始(12/29～1/3)はお休みです,130.82211 : 31.89209,,,,
霧島市(C001),第22弾,2024/4/26,【平日】隼人市民サービスセンター 2階下水道工務課【休日】隼人市民サービスセンター 1階お客様センター宿直室,鹿児島県霧島市隼人町内山田一丁目11番11号,【平日】電話:0995-42-1143【休日】記載無し,【平日】8:15～17:00【休日】9:00～17:00ただし、12月29日から翌年の1月3日まではお休みです,130.73743 : 31.74362,,,,
南さつま市,第18弾,2023/1/28,観光物産交流施設「きやったもんせ南さつま」,鹿児島県南さつま市加世田本町43番地9,電話：0993-53-3751,10：00～17：00ただし、月曜日と年末年始はお休みです。,130.32144 : 31.41875,,,,
奄美市(A001),第07弾,2018/4/28,奄美市AiAiひろば 観光交流センター,鹿児島県奄美市名瀬末広町14-10,電話：0997-52-1778,9：00～18：00ただし、年始（1/1）はお休みです,129.49588 : 28.37738,,,,
奄美市(B001),第21弾,2023/12/15,奄美市立奄美博物館,鹿児島県奄美市名瀬長浜町517番地,電話:0997-54-1210（問合せ先）奄美市下水道課電話:0997-52-1401,9：00～16：30ただし、第3月曜日、年末年始（12月28日～1月1日）はお休みです,129.49355 : 28.39631,,,,
徳之島町,第16弾,2022/1/15,徳之島町役場建設課,鹿児島県大島郡徳之島町亀津7203番地,電話：0997-82-1111,8：30～17：15ただし、年末年始はお休みです,129.01869 : 27.7265,,,,
知名町,第6弾,2017/12/9,おきのえらぶ島観光協会,鹿児島県大島郡知名町屋者1029-3,電話：0997-84-3540（問い合わせ先）知名町役場建設課 下水道係電話：0997-84-3161,10：00～17：00ただし、年末年始はお休みです,128.60172 : 27.35592,,,,
沖縄県（流域下水道・A001）,第02弾,2016/8/1,沖縄観光情報センター,沖縄県那覇市泉﨑1-20ｰ6カフーナ旭橋A街区2階,電話：098ｰ953ｰ8271（問い合わせ先）沖縄県土木建築部 下水道課電話：098-866-2248,9:00～19:00（年中無休）,127.676238 : 26.21137,,,,
沖縄県(流域下水道・B001),第16弾,2022/1/15,首里城首里杜館総合案内所,沖縄県那覇市首里金城町１－２,電話：098-886-2020,8:00～19:30（4～6月､10月､11月）8:00～20:30（7～9月）8:00～18:30（12～3月）（7月の第1水曜日とその翌日は休み）,127.716066 : 26.218063,,,,
那覇市(A001),第8弾,2018/8/11,【平日】那覇市上下水道局２階　下水道課【土日・休日】那覇市観光協会「ショップなは」,【平日】沖縄県那覇市おもろまち1-1-1【土日・休日】沖縄県那覇市牧志3-2-10てんぶす那覇1F,【平日】記載無し【土日・休日】記載無し（問い合わせ先）那覇市上下水道局　下水道課電話：098-941-7808,【平日】8：30～17：15ただし年末年始(12/28-1/5)及び慰霊の日(6/23)はお休みです【土日・休日】9：00～18：30ただし年末年始（12/31〜1/2）はお休みです,127.69479 : 26.22288,127.68913 : 26.21602,,,
那覇市(B001),第13弾,2020/12/17,【火曜日～日曜日】那覇市立壺屋焼物博物館1階　受付【月曜日】那覇市上下水道局2階　下水道課,【火曜日～日曜日】沖縄県那覇市壺屋1-9-32【月曜日】沖縄県那覇市おもろまち1-1-1,【火曜日～日曜日】電話：098-862-3761【月曜日】電話：098-941-7808(問い合わせ先）那覇市上下水道局下水道課電話：098-941-7808,【火曜日～日曜日】10:00～18:00ただし月曜日（休日の場合は開館）、年末年始（12/28ー1/4）はお休みですまた資料整理に伴う臨時休館日があります【月曜日】8:30-17:15ただし年末年始（12/28ー1/5）及び慰霊の日（6/23）はお休みですまた資料整理に伴う臨時休館日があります(問い合わせ先）那覇市上下水道局下水道課電話：098-941-7808,127.69094 : 26.21385,127.69479 : 26.22288,,,
宜野湾市(A001),第18弾,2023/1/28,【火曜日以外】宜野湾市立博物館【火曜日】宜野湾市上下水道局業務サービス課,【火曜日以外】沖縄県宜野湾市真志喜1-25-1【火曜日】沖縄県宜野湾市字野嵩730,【火曜日以外】電話：098-870-9317【火曜日】電話：098-892-5733(問合せ先)宜野湾市上下水道局（平日のみ）098-892-5733,【火曜日以外】9:00～17:00火曜日、年末年始・祝日、その他に臨時休館日はお休みです【火曜日】9:00～17:00年末年始・祝日はお休みです,127.74041 : 26.26988,127.78134 : 26.28257,,,
宜野湾市(B001),第21弾,2023/12/15,【火曜日以外】宜野湾市立体育館【火曜日】宜野湾市上下水道局業務サービス課排水設備係,【火曜日以外】沖縄県宜野湾市真志喜4丁目2-1【火曜日】沖縄県宜野湾市字野嵩730,【火曜日以外】電話:098-897-2751【火曜日】電話:098-892-5733（問合せ先）宜野湾市上下水道局業務サービス課排水設備係電話:098-892-5733,【火曜日以外】9：00～17：00ただし、年末年始はお休みです【火曜日】9：00～17：00ただし、祝日及び年末年始はお休みです,127.73509 : 26.28132,127.78134 : 26.28257,,,
名護市（A001),第6弾,2017/12/9,名護市営市場,沖縄県名護市城1-4-11,電話：0980-43-0478【問合せ先】名護市環境水道部経営課電話:0980-53-1212（内355）,9：00～17：00（年中無休）,127.9838 : 26.58979,,,,
名護市（B001),第12弾,2020/4/25,【平日】公益財団法人 名護市観光協会【土日・祝日】名護市環境水道部料金窓口,【平日】沖縄県名護市大中1-19-24 名護市産業支援センター1階【土日・祝日】沖縄県名護市港1-1-1,【平日】0980-53-7755【土日・祝日】0980－52－0786,【平日】9:00～17:00【土日・祝日】10:00～17:00,127.98498 : 26.5906,127.9767 : 26.59179,,,
名護市(C001),第13弾,2020/12/17,名護市環境水道部経営課　料金窓口,沖縄県名護市港一丁目１番１号,電話：0980-53-1212（内線355）【問合せ先】名護市環境水道部経営課電話:0980-53-1212（内355）,【平日】9：00～17：00【土日祝日】10：00～17：00ただし、1/1～1/3はお休みです,127.9767 : 26.59179,,,,
沖縄市,第12弾,2020/4/25,コザ・ミュージックタウン内　エイサー会館,沖縄県沖縄市上地１丁目１番１号,電話:098-989-5066,エイサー会館の営業時間内に配布します。開館時間：10:00終了時間：時期により異なりますので、エイサー会館HP、またはお電話にてご確認ください。ただし、水曜日（休日の場合は翌平日）と年末年始(12/31-1/1）はお休みです,127.79942 : 26.33501,,,,
宜野座村,第18弾,2023/1/28,道の駅「ぎのざ」宜野座村観光拠点施設1F観光案内所,沖縄県国頭郡宜野座村字漢那1646番地の4,電話：098-968-8787(問合せ先)宜野座村役場　上下水道課電話：098-968-5136,9：15～17：30ただし、施設メンテナンスや台風時は臨時休館します,127.9442 : 26.48862,,,,
北谷町(A001),第07弾,2018/4/28,北谷町観光情報センター,沖縄県中頭郡北谷町字美浜16-3,電話：098-926-5678（問い合わせ先）北谷町上下水道部 上下水道課電話：098-982-7713,9:00～18:00ただし、年末年始（12/29～1/3）はお休みです,127.75816 : 26.31568,,,,
北谷町(B001),第16弾,2022/1/15,【平日】北谷町上下水道庁舎内下水道係カウンター【土日】北谷町立博物館,【平日】沖縄県中頭郡北谷町桑江1-1-2【土日】沖縄県中頭郡北谷町伊平1-11-1,【平日】電話：098-936-7713【土日】電話：098-923-0300,【平日】8：30～17：15（12：00～13：00を除く）【土日】9：00～17：00※臨時休刊日についてはHPをご確認ください※祝日、年末年始（12/29～1/3）はお休みです,127.7636 : 26.32014,127.75885 : 26.32413,,,
中城村,第5弾,2017/8/1,中城城跡共同管理協議会,沖縄県中頭郡北中城村字大城503,098-935-5719,【10～4月】8：30～17：00【5～9月】8：30～18：00,127.80395 : 26.28547,,,,
